ts,symbol,tf,signal,rsi,ema,sma,factor,why
1757084471,BTCUSDT,1m,HOLD,,,,0.0,"sma_cross_fast:HOLD,rsi_reversion:HOLD,ema_trend:HOLD"
1757084471,BTCUSDT,5m,HOLD,,,,0.0,"sma_cross_fast:HOLD,rsi_reversion:HOLD,ema_trend:HOLD"
1757084471,BTCUSDT,15m,HOLD,,,,0.0,"sma_cross_fast:HOLD,rsi_reversion:HOLD,ema_trend:HOLD"
1757084471,ETHUSDT,1m,HOLD,,,,0.0,"sma_cross_fast:HOLD,rsi_reversion:HOLD,ema_trend:HOLD"
1757084471,ETHUSDT,5m,HOLD,,,,0.0,"sma_cross_fast:HOLD,rsi_reversion:HOLD,ema_trend:HOLD"
1757084471,ETHUSDT,15m,HOLD,,,,0.0,"sma_cross_fast:HOLD,rsi_reversion:HOLD,ema_trend:HOLD"
1757084471,BNBUSDT,1m,HOLD,,,,0.0,"sma_cross_fast:HOLD,rsi_reversion:HOLD,ema_trend:HOLD"
1757084471,BNBUSDT,5m,HOLD,,,,0.0,"sma_cross_fast:HOLD,rsi_reversion:HOLD,ema_trend:HOLD"
1757084471,BNBUSDT,15m,HOLD,,,,0.0,"sma_cross_fast:HOLD,rsi_reversion:HOLD,ema_trend:HOLD"
1757084471,SOLUSDT,1m,HOLD,,,,0.0,"sma_cross_fast:HOLD,rsi_reversion:HOLD,ema_trend:HOLD"
1757084471,SOLUSDT,5m,HOLD,,,,0.0,"sma_cross_fast:HOLD,rsi_reversion:HOLD,ema_trend:HOLD"
1757084471,SOLUSDT,15m,HOLD,,,,0.0,"sma_cross_fast:HOLD,rsi_reversion:HOLD,ema_trend:HOLD"
1757084471,XRPUSDT,1m,HOLD,,,,0.0,"sma_cross_fast:HOLD,rsi_reversion:HOLD,ema_trend:HOLD"
1757084471,XRPUSDT,5m,HOLD,,,,0.0,"sma_cross_fast:HOLD,rsi_reversion:HOLD,ema_trend:HOLD"
1757084471,XRPUSDT,15m,HOLD,,,,0.0,"sma_cross_fast:HOLD,rsi_reversion:HOLD,ema_trend:HOLD"
1757084471,USDCUSDT,1m,HOLD,,,,0.0,"sma_cross_fast:HOLD,rsi_reversion:HOLD,ema_trend:HOLD"
1757084471,USDCUSDT,5m,HOLD,,,,0.0,"sma_cross_fast:HOLD,rsi_reversion:HOLD,ema_trend:HOLD"
1757084471,USDCUSDT,15m,HOLD,,,,0.0,"sma_cross_fast:HOLD,rsi_reversion:HOLD,ema_trend:HOLD"
1757084471,FDUSDUSDT,1m,HOLD,,,,0.0,"sma_cross_fast:HOLD,rsi_reversion:HOLD,ema_trend:HOLD"
1757084471,FDUSDUSDT,5m,HOLD,,,,0.0,"sma_cross_fast:HOLD,rsi_reversion:HOLD,ema_trend:HOLD"
1757084471,FDUSDUSDT,15m,HOLD,,,,0.0,"sma_cross_fast:HOLD,rsi_reversion:HOLD,ema_trend:HOLD"
1757084471,DOGEUSDT,1m,HOLD,,,,0.0,"sma_cross_fast:HOLD,rsi_reversion:HOLD,ema_trend:HOLD"
1757084471,DOGEUSDT,5m,HOLD,,,,0.0,"sma_cross_fast:HOLD,rsi_reversion:HOLD,ema_trend:HOLD"
1757084471,DOGEUSDT,15m,HOLD,,,,0.0,"sma_cross_fast:HOLD,rsi_reversion:HOLD,ema_trend:HOLD"
1757084471,PYTHUSDT,1m,HOLD,,,,0.0,"sma_cross_fast:HOLD,rsi_reversion:HOLD,ema_trend:HOLD"
1757084471,PYTHUSDT,5m,HOLD,,,,0.0,"sma_cross_fast:HOLD,rsi_reversion:HOLD,ema_trend:HOLD"
1757084471,PYTHUSDT,15m,HOLD,,,,0.0,"sma_cross_fast:HOLD,rsi_reversion:HOLD,ema_trend:HOLD"
1757084471,SUIUSDT,1m,HOLD,,,,0.0,"sma_cross_fast:HOLD,rsi_reversion:HOLD,ema_trend:HOLD"
1757084471,SUIUSDT,5m,HOLD,,,,0.0,"sma_cross_fast:HOLD,rsi_reversion:HOLD,ema_trend:HOLD"
1757084471,SUIUSDT,15m,HOLD,,,,0.0,"sma_cross_fast:HOLD,rsi_reversion:HOLD,ema_trend:HOLD"
1757084471,ENAUSDT,1m,HOLD,,,,0.0,"sma_cross_fast:HOLD,rsi_reversion:HOLD,ema_trend:HOLD"
1757084471,ENAUSDT,5m,HOLD,,,,0.0,"sma_cross_fast:HOLD,rsi_reversion:HOLD,ema_trend:HOLD"
1757084471,ENAUSDT,15m,HOLD,,,,0.0,"sma_cross_fast:HOLD,rsi_reversion:HOLD,ema_trend:HOLD"
1757084471,BONKUSDT,1m,HOLD,,,,0.0,"sma_cross_fast:HOLD,rsi_reversion:HOLD,ema_trend:HOLD"
1757084471,BONKUSDT,5m,HOLD,,,,0.0,"sma_cross_fast:HOLD,rsi_reversion:HOLD,ema_trend:HOLD"
1757084471,BONKUSDT,15m,HOLD,,,,0.0,"sma_cross_fast:HOLD,rsi_reversion:HOLD,ema_trend:HOLD"
1757084471,TRXUSDT,1m,HOLD,,,,0.0,"sma_cross_fast:HOLD,rsi_reversion:HOLD,ema_trend:HOLD"
1757084471,TRXUSDT,5m,HOLD,,,,0.0,"sma_cross_fast:HOLD,rsi_reversion:HOLD,ema_trend:HOLD"
1757084471,TRXUSDT,15m,HOLD,,,,0.0,"sma_cross_fast:HOLD,rsi_reversion:HOLD,ema_trend:HOLD"
1757084471,ADAUSDT,1m,HOLD,,,,0.0,"sma_cross_fast:HOLD,rsi_reversion:HOLD,ema_trend:HOLD"
1757084471,ADAUSDT,5m,HOLD,,,,0.0,"sma_cross_fast:HOLD,rsi_reversion:HOLD,ema_trend:HOLD"
1757084471,ADAUSDT,15m,HOLD,,,,0.0,"sma_cross_fast:HOLD,rsi_reversion:HOLD,ema_trend:HOLD"
1757084471,LINKUSDT,1m,HOLD,,,,0.0,"sma_cross_fast:HOLD,rsi_reversion:HOLD,ema_trend:HOLD"
1757084471,LINKUSDT,5m,HOLD,,,,0.0,"sma_cross_fast:HOLD,rsi_reversion:HOLD,ema_trend:HOLD"
1757084471,LINKUSDT,15m,HOLD,,,,0.0,"sma_cross_fast:HOLD,rsi_reversion:HOLD,ema_trend:HOLD"
1757084471,PEPEUSDT,1m,HOLD,,,,0.0,"sma_cross_fast:HOLD,rsi_reversion:HOLD,ema_trend:HOLD"
1757084471,PEPEUSDT,5m,HOLD,,,,0.0,"sma_cross_fast:HOLD,rsi_reversion:HOLD,ema_trend:HOLD"
1757084471,PEPEUSDT,15m,HOLD,,,,0.0,"sma_cross_fast:HOLD,rsi_reversion:HOLD,ema_trend:HOLD"
1757084471,PLUMEUSDT,1m,HOLD,,,,0.0,"sma_cross_fast:HOLD,rsi_reversion:HOLD,ema_trend:HOLD"
1757084471,PLUMEUSDT,5m,HOLD,,,,0.0,"sma_cross_fast:HOLD,rsi_reversion:HOLD,ema_trend:HOLD"
1757084471,PLUMEUSDT,15m,HOLD,,,,0.0,"sma_cross_fast:HOLD,rsi_reversion:HOLD,ema_trend:HOLD"
1757084471,CFXUSDT,1m,HOLD,,,,0.0,"sma_cross_fast:HOLD,rsi_reversion:HOLD,ema_trend:HOLD"
1757084471,CFXUSDT,5m,HOLD,,,,0.0,"sma_cross_fast:HOLD,rsi_reversion:HOLD,ema_trend:HOLD"
1757084471,CFXUSDT,15m,HOLD,,,,0.0,"sma_cross_fast:HOLD,rsi_reversion:HOLD,ema_trend:HOLD"
1757084471,ARBUSDT,1m,HOLD,,,,0.0,"sma_cross_fast:HOLD,rsi_reversion:HOLD,ema_trend:HOLD"
1757084471,ARBUSDT,5m,HOLD,,,,0.0,"sma_cross_fast:HOLD,rsi_reversion:HOLD,ema_trend:HOLD"
1757084471,ARBUSDT,15m,HOLD,,,,0.0,"sma_cross_fast:HOLD,rsi_reversion:HOLD,ema_trend:HOLD"
1757084471,PENGUUSDT,1m,HOLD,,,,0.0,"sma_cross_fast:HOLD,rsi_reversion:HOLD,ema_trend:HOLD"
1757084471,PENGUUSDT,5m,HOLD,,,,0.0,"sma_cross_fast:HOLD,rsi_reversion:HOLD,ema_trend:HOLD"
1757084471,PENGUUSDT,15m,HOLD,,,,0.0,"sma_cross_fast:HOLD,rsi_reversion:HOLD,ema_trend:HOLD"
1757084476,BTCUSDT,1m,HOLD,,,,0.0,"sma_cross_fast:HOLD,rsi_reversion:HOLD,ema_trend:HOLD"
1757084476,BTCUSDT,5m,HOLD,,,,0.0,"sma_cross_fast:HOLD,rsi_reversion:HOLD,ema_trend:HOLD"
1757084476,BTCUSDT,15m,HOLD,,,,0.0,"sma_cross_fast:HOLD,rsi_reversion:HOLD,ema_trend:HOLD"
1757084476,ETHUSDT,1m,HOLD,,,,0.0,"sma_cross_fast:HOLD,rsi_reversion:HOLD,ema_trend:HOLD"
1757084476,ETHUSDT,5m,HOLD,,,,0.0,"sma_cross_fast:HOLD,rsi_reversion:HOLD,ema_trend:HOLD"
1757084476,ETHUSDT,15m,HOLD,,,,0.0,"sma_cross_fast:HOLD,rsi_reversion:HOLD,ema_trend:HOLD"
1757084476,BNBUSDT,1m,HOLD,,,,0.0,"sma_cross_fast:HOLD,rsi_reversion:HOLD,ema_trend:HOLD"
1757084476,BNBUSDT,5m,HOLD,,,,0.0,"sma_cross_fast:HOLD,rsi_reversion:HOLD,ema_trend:HOLD"
1757084476,BNBUSDT,15m,HOLD,,,,0.0,"sma_cross_fast:HOLD,rsi_reversion:HOLD,ema_trend:HOLD"
1757084476,SOLUSDT,1m,HOLD,,,,0.0,"sma_cross_fast:HOLD,rsi_reversion:HOLD,ema_trend:HOLD"
1757084476,SOLUSDT,5m,HOLD,,,,0.0,"sma_cross_fast:HOLD,rsi_reversion:HOLD,ema_trend:HOLD"
1757084476,SOLUSDT,15m,HOLD,,,,0.0,"sma_cross_fast:HOLD,rsi_reversion:HOLD,ema_trend:HOLD"
1757084476,XRPUSDT,1m,HOLD,,,,0.0,"sma_cross_fast:HOLD,rsi_reversion:HOLD,ema_trend:HOLD"
1757084476,XRPUSDT,5m,HOLD,,,,0.0,"sma_cross_fast:HOLD,rsi_reversion:HOLD,ema_trend:HOLD"
1757084476,XRPUSDT,15m,HOLD,,,,0.0,"sma_cross_fast:HOLD,rsi_reversion:HOLD,ema_trend:HOLD"
1757084476,USDCUSDT,1m,HOLD,,,,0.0,"sma_cross_fast:HOLD,rsi_reversion:HOLD,ema_trend:HOLD"
1757084476,USDCUSDT,5m,HOLD,,,,0.0,"sma_cross_fast:HOLD,rsi_reversion:HOLD,ema_trend:HOLD"
1757084476,USDCUSDT,15m,HOLD,,,,0.0,"sma_cross_fast:HOLD,rsi_reversion:HOLD,ema_trend:HOLD"
1757084476,FDUSDUSDT,1m,HOLD,,,,0.0,"sma_cross_fast:HOLD,rsi_reversion:HOLD,ema_trend:HOLD"
1757084476,FDUSDUSDT,5m,HOLD,,,,0.0,"sma_cross_fast:HOLD,rsi_reversion:HOLD,ema_trend:HOLD"
1757084476,FDUSDUSDT,15m,HOLD,,,,0.0,"sma_cross_fast:HOLD,rsi_reversion:HOLD,ema_trend:HOLD"
1757084476,DOGEUSDT,1m,HOLD,,,,0.0,"sma_cross_fast:HOLD,rsi_reversion:HOLD,ema_trend:HOLD"
1757084476,DOGEUSDT,5m,HOLD,,,,0.0,"sma_cross_fast:HOLD,rsi_reversion:HOLD,ema_trend:HOLD"
1757084476,DOGEUSDT,15m,HOLD,,,,0.0,"sma_cross_fast:HOLD,rsi_reversion:HOLD,ema_trend:HOLD"
1757084476,PYTHUSDT,1m,HOLD,,,,0.0,"sma_cross_fast:HOLD,rsi_reversion:HOLD,ema_trend:HOLD"
1757084476,PYTHUSDT,5m,HOLD,,,,0.0,"sma_cross_fast:HOLD,rsi_reversion:HOLD,ema_trend:HOLD"
1757084476,PYTHUSDT,15m,HOLD,,,,0.0,"sma_cross_fast:HOLD,rsi_reversion:HOLD,ema_trend:HOLD"
1757084476,SUIUSDT,1m,HOLD,,,,0.0,"sma_cross_fast:HOLD,rsi_reversion:HOLD,ema_trend:HOLD"
1757084476,SUIUSDT,5m,HOLD,,,,0.0,"sma_cross_fast:HOLD,rsi_reversion:HOLD,ema_trend:HOLD"
1757084476,SUIUSDT,15m,HOLD,,,,0.0,"sma_cross_fast:HOLD,rsi_reversion:HOLD,ema_trend:HOLD"
1757084476,ENAUSDT,1m,HOLD,,,,0.0,"sma_cross_fast:HOLD,rsi_reversion:HOLD,ema_trend:HOLD"
1757084476,ENAUSDT,5m,HOLD,,,,0.0,"sma_cross_fast:HOLD,rsi_reversion:HOLD,ema_trend:HOLD"
1757084476,ENAUSDT,15m,HOLD,,,,0.0,"sma_cross_fast:HOLD,rsi_reversion:HOLD,ema_trend:HOLD"
1757084476,BONKUSDT,1m,HOLD,,,,0.0,"sma_cross_fast:HOLD,rsi_reversion:HOLD,ema_trend:HOLD"
1757084476,BONKUSDT,5m,HOLD,,,,0.0,"sma_cross_fast:HOLD,rsi_reversion:HOLD,ema_trend:HOLD"
1757084476,BONKUSDT,15m,HOLD,,,,0.0,"sma_cross_fast:HOLD,rsi_reversion:HOLD,ema_trend:HOLD"
1757084476,TRXUSDT,1m,HOLD,,,,0.0,"sma_cross_fast:HOLD,rsi_reversion:HOLD,ema_trend:HOLD"
1757084476,TRXUSDT,5m,HOLD,,,,0.0,"sma_cross_fast:HOLD,rsi_reversion:HOLD,ema_trend:HOLD"
1757084476,TRXUSDT,15m,HOLD,,,,0.0,"sma_cross_fast:HOLD,rsi_reversion:HOLD,ema_trend:HOLD"
1757084476,ADAUSDT,1m,HOLD,,,,0.0,"sma_cross_fast:HOLD,rsi_reversion:HOLD,ema_trend:HOLD"
1757084476,ADAUSDT,5m,HOLD,,,,0.0,"sma_cross_fast:HOLD,rsi_reversion:HOLD,ema_trend:HOLD"
1757084476,ADAUSDT,15m,HOLD,,,,0.0,"sma_cross_fast:HOLD,rsi_reversion:HOLD,ema_trend:HOLD"
1757084476,LINKUSDT,1m,HOLD,,,,0.0,"sma_cross_fast:HOLD,rsi_reversion:HOLD,ema_trend:HOLD"
1757084476,LINKUSDT,5m,HOLD,,,,0.0,"sma_cross_fast:HOLD,rsi_reversion:HOLD,ema_trend:HOLD"
1757084476,LINKUSDT,15m,HOLD,,,,0.0,"sma_cross_fast:HOLD,rsi_reversion:HOLD,ema_trend:HOLD"
1757084476,PEPEUSDT,1m,HOLD,,,,0.0,"sma_cross_fast:HOLD,rsi_reversion:HOLD,ema_trend:HOLD"
1757084476,PEPEUSDT,5m,HOLD,,,,0.0,"sma_cross_fast:HOLD,rsi_reversion:HOLD,ema_trend:HOLD"
1757084476,PEPEUSDT,15m,HOLD,,,,0.0,"sma_cross_fast:HOLD,rsi_reversion:HOLD,ema_trend:HOLD"
1757084476,PLUMEUSDT,1m,HOLD,,,,0.0,"sma_cross_fast:HOLD,rsi_reversion:HOLD,ema_trend:HOLD"
1757084476,PLUMEUSDT,5m,HOLD,,,,0.0,"sma_cross_fast:HOLD,rsi_reversion:HOLD,ema_trend:HOLD"
1757084476,PLUMEUSDT,15m,HOLD,,,,0.0,"sma_cross_fast:HOLD,rsi_reversion:HOLD,ema_trend:HOLD"
1757084476,CFXUSDT,1m,HOLD,,,,0.0,"sma_cross_fast:HOLD,rsi_reversion:HOLD,ema_trend:HOLD"
1757084476,CFXUSDT,5m,HOLD,,,,0.0,"sma_cross_fast:HOLD,rsi_reversion:HOLD,ema_trend:HOLD"
1757084476,CFXUSDT,15m,HOLD,,,,0.0,"sma_cross_fast:HOLD,rsi_reversion:HOLD,ema_trend:HOLD"
1757084476,ARBUSDT,1m,HOLD,,,,0.0,"sma_cross_fast:HOLD,rsi_reversion:HOLD,ema_trend:HOLD"
1757084476,ARBUSDT,5m,HOLD,,,,0.0,"sma_cross_fast:HOLD,rsi_reversion:HOLD,ema_trend:HOLD"
1757084476,ARBUSDT,15m,HOLD,,,,0.0,"sma_cross_fast:HOLD,rsi_reversion:HOLD,ema_trend:HOLD"
1757084476,PENGUUSDT,1m,HOLD,,,,0.0,"sma_cross_fast:HOLD,rsi_reversion:HOLD,ema_trend:HOLD"
1757084476,PENGUUSDT,5m,HOLD,,,,0.0,"sma_cross_fast:HOLD,rsi_reversion:HOLD,ema_trend:HOLD"
1757084476,PENGUUSDT,15m,HOLD,,,,0.0,"sma_cross_fast:HOLD,rsi_reversion:HOLD,ema_trend:HOLD"
1757084481,BTCUSDT,1m,HOLD,,,,0.0,"sma_cross_fast:HOLD,rsi_reversion:HOLD,ema_trend:HOLD"
1757084481,BTCUSDT,5m,HOLD,,,,0.0,"sma_cross_fast:HOLD,rsi_reversion:HOLD,ema_trend:HOLD"
1757084481,BTCUSDT,15m,HOLD,,,,0.0,"sma_cross_fast:HOLD,rsi_reversion:HOLD,ema_trend:HOLD"
1757084481,ETHUSDT,1m,HOLD,,,,0.0,"sma_cross_fast:HOLD,rsi_reversion:HOLD,ema_trend:HOLD"
1757084481,ETHUSDT,5m,HOLD,,,,0.0,"sma_cross_fast:HOLD,rsi_reversion:HOLD,ema_trend:HOLD"
1757084481,ETHUSDT,15m,HOLD,,,,0.0,"sma_cross_fast:HOLD,rsi_reversion:HOLD,ema_trend:HOLD"
1757084481,BNBUSDT,1m,HOLD,,,,0.0,"sma_cross_fast:HOLD,rsi_reversion:HOLD,ema_trend:HOLD"
1757084481,BNBUSDT,5m,HOLD,,,,0.0,"sma_cross_fast:HOLD,rsi_reversion:HOLD,ema_trend:HOLD"
1757084481,BNBUSDT,15m,HOLD,,,,0.0,"sma_cross_fast:HOLD,rsi_reversion:HOLD,ema_trend:HOLD"
1757084481,SOLUSDT,1m,HOLD,,,,0.0,"sma_cross_fast:HOLD,rsi_reversion:HOLD,ema_trend:HOLD"
1757084481,SOLUSDT,5m,HOLD,,,,0.0,"sma_cross_fast:HOLD,rsi_reversion:HOLD,ema_trend:HOLD"
1757084481,SOLUSDT,15m,HOLD,,,,0.0,"sma_cross_fast:HOLD,rsi_reversion:HOLD,ema_trend:HOLD"
1757084481,XRPUSDT,1m,HOLD,,,,0.0,"sma_cross_fast:HOLD,rsi_reversion:HOLD,ema_trend:HOLD"
1757084481,XRPUSDT,5m,HOLD,,,,0.0,"sma_cross_fast:HOLD,rsi_reversion:HOLD,ema_trend:HOLD"
1757084481,XRPUSDT,15m,HOLD,,,,0.0,"sma_cross_fast:HOLD,rsi_reversion:HOLD,ema_trend:HOLD"
1757084481,USDCUSDT,1m,HOLD,,,,0.0,"sma_cross_fast:HOLD,rsi_reversion:HOLD,ema_trend:HOLD"
1757084481,USDCUSDT,5m,HOLD,,,,0.0,"sma_cross_fast:HOLD,rsi_reversion:HOLD,ema_trend:HOLD"
1757084481,USDCUSDT,15m,HOLD,,,,0.0,"sma_cross_fast:HOLD,rsi_reversion:HOLD,ema_trend:HOLD"
1757084481,FDUSDUSDT,1m,HOLD,,,,0.0,"sma_cross_fast:HOLD,rsi_reversion:HOLD,ema_trend:HOLD"
1757084481,FDUSDUSDT,5m,HOLD,,,,0.0,"sma_cross_fast:HOLD,rsi_reversion:HOLD,ema_trend:HOLD"
1757084481,FDUSDUSDT,15m,HOLD,,,,0.0,"sma_cross_fast:HOLD,rsi_reversion:HOLD,ema_trend:HOLD"
1757084481,DOGEUSDT,1m,HOLD,,,,0.0,"sma_cross_fast:HOLD,rsi_reversion:HOLD,ema_trend:HOLD"
1757084481,DOGEUSDT,5m,HOLD,,,,0.0,"sma_cross_fast:HOLD,rsi_reversion:HOLD,ema_trend:HOLD"
1757084481,DOGEUSDT,15m,HOLD,,,,0.0,"sma_cross_fast:HOLD,rsi_reversion:HOLD,ema_trend:HOLD"
1757084481,PYTHUSDT,1m,HOLD,,,,0.0,"sma_cross_fast:HOLD,rsi_reversion:HOLD,ema_trend:HOLD"
1757084481,PYTHUSDT,5m,HOLD,,,,0.0,"sma_cross_fast:HOLD,rsi_reversion:HOLD,ema_trend:HOLD"
1757084481,PYTHUSDT,15m,HOLD,,,,0.0,"sma_cross_fast:HOLD,rsi_reversion:HOLD,ema_trend:HOLD"
1757084481,SUIUSDT,1m,HOLD,,,,0.0,"sma_cross_fast:HOLD,rsi_reversion:HOLD,ema_trend:HOLD"
1757084481,SUIUSDT,5m,HOLD,,,,0.0,"sma_cross_fast:HOLD,rsi_reversion:HOLD,ema_trend:HOLD"
1757084481,SUIUSDT,15m,HOLD,,,,0.0,"sma_cross_fast:HOLD,rsi_reversion:HOLD,ema_trend:HOLD"
1757084481,ENAUSDT,1m,HOLD,,,,0.0,"sma_cross_fast:HOLD,rsi_reversion:HOLD,ema_trend:HOLD"
1757084481,ENAUSDT,5m,HOLD,,,,0.0,"sma_cross_fast:HOLD,rsi_reversion:HOLD,ema_trend:HOLD"
1757084481,ENAUSDT,15m,HOLD,,,,0.0,"sma_cross_fast:HOLD,rsi_reversion:HOLD,ema_trend:HOLD"
1757084481,BONKUSDT,1m,HOLD,,,,0.0,"sma_cross_fast:HOLD,rsi_reversion:HOLD,ema_trend:HOLD"
1757084481,BONKUSDT,5m,HOLD,,,,0.0,"sma_cross_fast:HOLD,rsi_reversion:HOLD,ema_trend:HOLD"
1757084481,BONKUSDT,15m,HOLD,,,,0.0,"sma_cross_fast:HOLD,rsi_reversion:HOLD,ema_trend:HOLD"
1757084481,TRXUSDT,1m,HOLD,,,,0.0,"sma_cross_fast:HOLD,rsi_reversion:HOLD,ema_trend:HOLD"
1757084481,TRXUSDT,5m,HOLD,,,,0.0,"sma_cross_fast:HOLD,rsi_reversion:HOLD,ema_trend:HOLD"
1757084481,TRXUSDT,15m,HOLD,,,,0.0,"sma_cross_fast:HOLD,rsi_reversion:HOLD,ema_trend:HOLD"
1757084481,ADAUSDT,1m,HOLD,,,,0.0,"sma_cross_fast:HOLD,rsi_reversion:HOLD,ema_trend:HOLD"
1757084481,ADAUSDT,5m,HOLD,,,,0.0,"sma_cross_fast:HOLD,rsi_reversion:HOLD,ema_trend:HOLD"
1757084481,ADAUSDT,15m,HOLD,,,,0.0,"sma_cross_fast:HOLD,rsi_reversion:HOLD,ema_trend:HOLD"
1757084481,LINKUSDT,1m,HOLD,,,,0.0,"sma_cross_fast:HOLD,rsi_reversion:HOLD,ema_trend:HOLD"
1757084481,LINKUSDT,5m,HOLD,,,,0.0,"sma_cross_fast:HOLD,rsi_reversion:HOLD,ema_trend:HOLD"
1757084481,LINKUSDT,15m,HOLD,,,,0.0,"sma_cross_fast:HOLD,rsi_reversion:HOLD,ema_trend:HOLD"
1757084481,PEPEUSDT,1m,HOLD,,,,0.0,"sma_cross_fast:HOLD,rsi_reversion:HOLD,ema_trend:HOLD"
1757084481,PEPEUSDT,5m,HOLD,,,,0.0,"sma_cross_fast:HOLD,rsi_reversion:HOLD,ema_trend:HOLD"
1757084481,PEPEUSDT,15m,HOLD,,,,0.0,"sma_cross_fast:HOLD,rsi_reversion:HOLD,ema_trend:HOLD"
1757084481,PLUMEUSDT,1m,HOLD,,,,0.0,"sma_cross_fast:HOLD,rsi_reversion:HOLD,ema_trend:HOLD"
1757084481,PLUMEUSDT,5m,HOLD,,,,0.0,"sma_cross_fast:HOLD,rsi_reversion:HOLD,ema_trend:HOLD"
1757084481,PLUMEUSDT,15m,HOLD,,,,0.0,"sma_cross_fast:HOLD,rsi_reversion:HOLD,ema_trend:HOLD"
1757084481,CFXUSDT,1m,HOLD,,,,0.0,"sma_cross_fast:HOLD,rsi_reversion:HOLD,ema_trend:HOLD"
1757084481,CFXUSDT,5m,HOLD,,,,0.0,"sma_cross_fast:HOLD,rsi_reversion:HOLD,ema_trend:HOLD"
1757084481,CFXUSDT,15m,HOLD,,,,0.0,"sma_cross_fast:HOLD,rsi_reversion:HOLD,ema_trend:HOLD"
1757084481,ARBUSDT,1m,HOLD,,,,0.0,"sma_cross_fast:HOLD,rsi_reversion:HOLD,ema_trend:HOLD"
1757084481,ARBUSDT,5m,HOLD,,,,0.0,"sma_cross_fast:HOLD,rsi_reversion:HOLD,ema_trend:HOLD"
1757084481,ARBUSDT,15m,HOLD,,,,0.0,"sma_cross_fast:HOLD,rsi_reversion:HOLD,ema_trend:HOLD"
1757084481,PENGUUSDT,1m,HOLD,,,,0.0,"sma_cross_fast:HOLD,rsi_reversion:HOLD,ema_trend:HOLD"
1757084481,PENGUUSDT,5m,HOLD,,,,0.0,"sma_cross_fast:HOLD,rsi_reversion:HOLD,ema_trend:HOLD"
1757084481,PENGUUSDT,15m,HOLD,,,,0.0,"sma_cross_fast:HOLD,rsi_reversion:HOLD,ema_trend:HOLD"
1757084486,BTCUSDT,1m,HOLD,,,,0.0,"sma_cross_fast:HOLD,rsi_reversion:HOLD,ema_trend:HOLD"
1757084486,BTCUSDT,5m,HOLD,,,,0.0,"sma_cross_fast:HOLD,rsi_reversion:HOLD,ema_trend:HOLD"
1757084486,BTCUSDT,15m,HOLD,,,,0.0,"sma_cross_fast:HOLD,rsi_reversion:HOLD,ema_trend:HOLD"
1757084486,ETHUSDT,1m,HOLD,,,,0.0,"sma_cross_fast:HOLD,rsi_reversion:HOLD,ema_trend:HOLD"
1757084486,ETHUSDT,5m,HOLD,,,,0.0,"sma_cross_fast:HOLD,rsi_reversion:HOLD,ema_trend:HOLD"
1757084486,ETHUSDT,15m,HOLD,,,,0.0,"sma_cross_fast:HOLD,rsi_reversion:HOLD,ema_trend:HOLD"
1757084486,BNBUSDT,1m,HOLD,,,,0.0,"sma_cross_fast:HOLD,rsi_reversion:HOLD,ema_trend:HOLD"
1757084486,BNBUSDT,5m,HOLD,,,,0.0,"sma_cross_fast:HOLD,rsi_reversion:HOLD,ema_trend:HOLD"
1757084486,BNBUSDT,15m,HOLD,,,,0.0,"sma_cross_fast:HOLD,rsi_reversion:HOLD,ema_trend:HOLD"
1757084486,SOLUSDT,1m,HOLD,,,,0.0,"sma_cross_fast:HOLD,rsi_reversion:HOLD,ema_trend:HOLD"
1757084486,SOLUSDT,5m,HOLD,,,,0.0,"sma_cross_fast:HOLD,rsi_reversion:HOLD,ema_trend:HOLD"
1757084486,SOLUSDT,15m,HOLD,,,,0.0,"sma_cross_fast:HOLD,rsi_reversion:HOLD,ema_trend:HOLD"
1757084486,XRPUSDT,1m,HOLD,,,,0.0,"sma_cross_fast:HOLD,rsi_reversion:HOLD,ema_trend:HOLD"
1757084486,XRPUSDT,5m,HOLD,,,,0.0,"sma_cross_fast:HOLD,rsi_reversion:HOLD,ema_trend:HOLD"
1757084486,XRPUSDT,15m,HOLD,,,,0.0,"sma_cross_fast:HOLD,rsi_reversion:HOLD,ema_trend:HOLD"
1757084486,USDCUSDT,1m,HOLD,,,,0.0,"sma_cross_fast:HOLD,rsi_reversion:HOLD,ema_trend:HOLD"
1757084486,USDCUSDT,5m,HOLD,,,,0.0,"sma_cross_fast:HOLD,rsi_reversion:HOLD,ema_trend:HOLD"
1757084486,USDCUSDT,15m,HOLD,,,,0.0,"sma_cross_fast:HOLD,rsi_reversion:HOLD,ema_trend:HOLD"
1757084486,FDUSDUSDT,1m,HOLD,,,,0.0,"sma_cross_fast:HOLD,rsi_reversion:HOLD,ema_trend:HOLD"
1757084486,FDUSDUSDT,5m,HOLD,,,,0.0,"sma_cross_fast:HOLD,rsi_reversion:HOLD,ema_trend:HOLD"
1757084486,FDUSDUSDT,15m,HOLD,,,,0.0,"sma_cross_fast:HOLD,rsi_reversion:HOLD,ema_trend:HOLD"
1757084486,DOGEUSDT,1m,HOLD,,,,0.0,"sma_cross_fast:HOLD,rsi_reversion:HOLD,ema_trend:HOLD"
1757084486,DOGEUSDT,5m,HOLD,,,,0.0,"sma_cross_fast:HOLD,rsi_reversion:HOLD,ema_trend:HOLD"
1757084486,DOGEUSDT,15m,HOLD,,,,0.0,"sma_cross_fast:HOLD,rsi_reversion:HOLD,ema_trend:HOLD"
1757084486,PYTHUSDT,1m,HOLD,,,,0.0,"sma_cross_fast:HOLD,rsi_reversion:HOLD,ema_trend:HOLD"
1757084486,PYTHUSDT,5m,HOLD,,,,0.0,"sma_cross_fast:HOLD,rsi_reversion:HOLD,ema_trend:HOLD"
1757084486,PYTHUSDT,15m,HOLD,,,,0.0,"sma_cross_fast:HOLD,rsi_reversion:HOLD,ema_trend:HOLD"
1757084486,SUIUSDT,1m,HOLD,,,,0.0,"sma_cross_fast:HOLD,rsi_reversion:HOLD,ema_trend:HOLD"
1757084486,SUIUSDT,5m,HOLD,,,,0.0,"sma_cross_fast:HOLD,rsi_reversion:HOLD,ema_trend:HOLD"
1757084486,SUIUSDT,15m,HOLD,,,,0.0,"sma_cross_fast:HOLD,rsi_reversion:HOLD,ema_trend:HOLD"
1757084486,ENAUSDT,1m,HOLD,,,,0.0,"sma_cross_fast:HOLD,rsi_reversion:HOLD,ema_trend:HOLD"
1757084486,ENAUSDT,5m,HOLD,,,,0.0,"sma_cross_fast:HOLD,rsi_reversion:HOLD,ema_trend:HOLD"
1757084486,ENAUSDT,15m,HOLD,,,,0.0,"sma_cross_fast:HOLD,rsi_reversion:HOLD,ema_trend:HOLD"
1757084486,BONKUSDT,1m,HOLD,,,,0.0,"sma_cross_fast:HOLD,rsi_reversion:HOLD,ema_trend:HOLD"
1757084486,BONKUSDT,5m,HOLD,,,,0.0,"sma_cross_fast:HOLD,rsi_reversion:HOLD,ema_trend:HOLD"
1757084486,BONKUSDT,15m,HOLD,,,,0.0,"sma_cross_fast:HOLD,rsi_reversion:HOLD,ema_trend:HOLD"
1757084486,TRXUSDT,1m,HOLD,,,,0.0,"sma_cross_fast:HOLD,rsi_reversion:HOLD,ema_trend:HOLD"
1757084486,TRXUSDT,5m,HOLD,,,,0.0,"sma_cross_fast:HOLD,rsi_reversion:HOLD,ema_trend:HOLD"
1757084486,TRXUSDT,15m,HOLD,,,,0.0,"sma_cross_fast:HOLD,rsi_reversion:HOLD,ema_trend:HOLD"
1757084486,ADAUSDT,1m,HOLD,,,,0.0,"sma_cross_fast:HOLD,rsi_reversion:HOLD,ema_trend:HOLD"
1757084486,ADAUSDT,5m,HOLD,,,,0.0,"sma_cross_fast:HOLD,rsi_reversion:HOLD,ema_trend:HOLD"
1757084486,ADAUSDT,15m,HOLD,,,,0.0,"sma_cross_fast:HOLD,rsi_reversion:HOLD,ema_trend:HOLD"
1757084486,LINKUSDT,1m,HOLD,,,,0.0,"sma_cross_fast:HOLD,rsi_reversion:HOLD,ema_trend:HOLD"
1757084486,LINKUSDT,5m,HOLD,,,,0.0,"sma_cross_fast:HOLD,rsi_reversion:HOLD,ema_trend:HOLD"
1757084486,LINKUSDT,15m,HOLD,,,,0.0,"sma_cross_fast:HOLD,rsi_reversion:HOLD,ema_trend:HOLD"
1757084486,PEPEUSDT,1m,HOLD,,,,0.0,"sma_cross_fast:HOLD,rsi_reversion:HOLD,ema_trend:HOLD"
1757084486,PEPEUSDT,5m,HOLD,,,,0.0,"sma_cross_fast:HOLD,rsi_reversion:HOLD,ema_trend:HOLD"
1757084486,PEPEUSDT,15m,HOLD,,,,0.0,"sma_cross_fast:HOLD,rsi_reversion:HOLD,ema_trend:HOLD"
1757084486,PLUMEUSDT,1m,HOLD,,,,0.0,"sma_cross_fast:HOLD,rsi_reversion:HOLD,ema_trend:HOLD"
1757084486,PLUMEUSDT,5m,HOLD,,,,0.0,"sma_cross_fast:HOLD,rsi_reversion:HOLD,ema_trend:HOLD"
1757084486,PLUMEUSDT,15m,HOLD,,,,0.0,"sma_cross_fast:HOLD,rsi_reversion:HOLD,ema_trend:HOLD"
1757084486,CFXUSDT,1m,HOLD,,,,0.0,"sma_cross_fast:HOLD,rsi_reversion:HOLD,ema_trend:HOLD"
1757084486,CFXUSDT,5m,HOLD,,,,0.0,"sma_cross_fast:HOLD,rsi_reversion:HOLD,ema_trend:HOLD"
1757084486,CFXUSDT,15m,HOLD,,,,0.0,"sma_cross_fast:HOLD,rsi_reversion:HOLD,ema_trend:HOLD"
1757084486,ARBUSDT,1m,HOLD,,,,0.0,"sma_cross_fast:HOLD,rsi_reversion:HOLD,ema_trend:HOLD"
1757084486,ARBUSDT,5m,HOLD,,,,0.0,"sma_cross_fast:HOLD,rsi_reversion:HOLD,ema_trend:HOLD"
1757084486,ARBUSDT,15m,HOLD,,,,0.0,"sma_cross_fast:HOLD,rsi_reversion:HOLD,ema_trend:HOLD"
1757084486,PENGUUSDT,1m,HOLD,,,,0.0,"sma_cross_fast:HOLD,rsi_reversion:HOLD,ema_trend:HOLD"
1757084486,PENGUUSDT,5m,HOLD,,,,0.0,"sma_cross_fast:HOLD,rsi_reversion:HOLD,ema_trend:HOLD"
1757084486,PENGUUSDT,15m,HOLD,,,,0.0,"sma_cross_fast:HOLD,rsi_reversion:HOLD,ema_trend:HOLD"
1757084491,BTCUSDT,1m,HOLD,,,,0.0,"sma_cross_fast:HOLD,rsi_reversion:HOLD,ema_trend:HOLD"
1757084491,BTCUSDT,5m,HOLD,,,,0.0,"sma_cross_fast:HOLD,rsi_reversion:HOLD,ema_trend:HOLD"
1757084491,BTCUSDT,15m,HOLD,,,,0.0,"sma_cross_fast:HOLD,rsi_reversion:HOLD,ema_trend:HOLD"
1757084491,ETHUSDT,1m,HOLD,,,,0.0,"sma_cross_fast:HOLD,rsi_reversion:HOLD,ema_trend:HOLD"
1757084491,ETHUSDT,5m,HOLD,,,,0.0,"sma_cross_fast:HOLD,rsi_reversion:HOLD,ema_trend:HOLD"
1757084491,ETHUSDT,15m,HOLD,,,,0.0,"sma_cross_fast:HOLD,rsi_reversion:HOLD,ema_trend:HOLD"
1757084491,BNBUSDT,1m,HOLD,,,,0.0,"sma_cross_fast:HOLD,rsi_reversion:HOLD,ema_trend:HOLD"
1757084491,BNBUSDT,5m,HOLD,,,,0.0,"sma_cross_fast:HOLD,rsi_reversion:HOLD,ema_trend:HOLD"
1757084491,BNBUSDT,15m,HOLD,,,,0.0,"sma_cross_fast:HOLD,rsi_reversion:HOLD,ema_trend:HOLD"
1757084491,SOLUSDT,1m,HOLD,,,,0.0,"sma_cross_fast:HOLD,rsi_reversion:HOLD,ema_trend:HOLD"
1757084491,SOLUSDT,5m,HOLD,,,,0.0,"sma_cross_fast:HOLD,rsi_reversion:HOLD,ema_trend:HOLD"
1757084491,SOLUSDT,15m,HOLD,,,,0.0,"sma_cross_fast:HOLD,rsi_reversion:HOLD,ema_trend:HOLD"
1757084491,XRPUSDT,1m,HOLD,,,,0.0,"sma_cross_fast:HOLD,rsi_reversion:HOLD,ema_trend:HOLD"
1757084491,XRPUSDT,5m,HOLD,,,,0.0,"sma_cross_fast:HOLD,rsi_reversion:HOLD,ema_trend:HOLD"
1757084491,XRPUSDT,15m,HOLD,,,,0.0,"sma_cross_fast:HOLD,rsi_reversion:HOLD,ema_trend:HOLD"
1757084491,USDCUSDT,1m,HOLD,,,,0.0,"sma_cross_fast:HOLD,rsi_reversion:HOLD,ema_trend:HOLD"
1757084491,USDCUSDT,5m,HOLD,,,,0.0,"sma_cross_fast:HOLD,rsi_reversion:HOLD,ema_trend:HOLD"
1757084491,USDCUSDT,15m,HOLD,,,,0.0,"sma_cross_fast:HOLD,rsi_reversion:HOLD,ema_trend:HOLD"
1757084491,FDUSDUSDT,1m,HOLD,,,,0.0,"sma_cross_fast:HOLD,rsi_reversion:HOLD,ema_trend:HOLD"
1757084491,FDUSDUSDT,5m,HOLD,,,,0.0,"sma_cross_fast:HOLD,rsi_reversion:HOLD,ema_trend:HOLD"
1757084491,FDUSDUSDT,15m,HOLD,,,,0.0,"sma_cross_fast:HOLD,rsi_reversion:HOLD,ema_trend:HOLD"
1757084491,DOGEUSDT,1m,HOLD,,,,0.0,"sma_cross_fast:HOLD,rsi_reversion:HOLD,ema_trend:HOLD"
1757084491,DOGEUSDT,5m,HOLD,,,,0.0,"sma_cross_fast:HOLD,rsi_reversion:HOLD,ema_trend:HOLD"
1757084491,DOGEUSDT,15m,HOLD,,,,0.0,"sma_cross_fast:HOLD,rsi_reversion:HOLD,ema_trend:HOLD"
1757084491,PYTHUSDT,1m,HOLD,,,,0.0,"sma_cross_fast:HOLD,rsi_reversion:HOLD,ema_trend:HOLD"
1757084491,PYTHUSDT,5m,HOLD,,,,0.0,"sma_cross_fast:HOLD,rsi_reversion:HOLD,ema_trend:HOLD"
1757084491,PYTHUSDT,15m,HOLD,,,,0.0,"sma_cross_fast:HOLD,rsi_reversion:HOLD,ema_trend:HOLD"
1757084491,SUIUSDT,1m,HOLD,,,,0.0,"sma_cross_fast:HOLD,rsi_reversion:HOLD,ema_trend:HOLD"
1757084491,SUIUSDT,5m,HOLD,,,,0.0,"sma_cross_fast:HOLD,rsi_reversion:HOLD,ema_trend:HOLD"
1757084491,SUIUSDT,15m,HOLD,,,,0.0,"sma_cross_fast:HOLD,rsi_reversion:HOLD,ema_trend:HOLD"
1757084491,ENAUSDT,1m,HOLD,,,,0.0,"sma_cross_fast:HOLD,rsi_reversion:HOLD,ema_trend:HOLD"
1757084491,ENAUSDT,5m,HOLD,,,,0.0,"sma_cross_fast:HOLD,rsi_reversion:HOLD,ema_trend:HOLD"
1757084491,ENAUSDT,15m,HOLD,,,,0.0,"sma_cross_fast:HOLD,rsi_reversion:HOLD,ema_trend:HOLD"
1757084491,BONKUSDT,1m,HOLD,,,,0.0,"sma_cross_fast:HOLD,rsi_reversion:HOLD,ema_trend:HOLD"
1757084491,BONKUSDT,5m,HOLD,,,,0.0,"sma_cross_fast:HOLD,rsi_reversion:HOLD,ema_trend:HOLD"
1757084491,BONKUSDT,15m,HOLD,,,,0.0,"sma_cross_fast:HOLD,rsi_reversion:HOLD,ema_trend:HOLD"
1757084491,TRXUSDT,1m,HOLD,,,,0.0,"sma_cross_fast:HOLD,rsi_reversion:HOLD,ema_trend:HOLD"
1757084491,TRXUSDT,5m,HOLD,,,,0.0,"sma_cross_fast:HOLD,rsi_reversion:HOLD,ema_trend:HOLD"
1757084491,TRXUSDT,15m,HOLD,,,,0.0,"sma_cross_fast:HOLD,rsi_reversion:HOLD,ema_trend:HOLD"
1757084491,ADAUSDT,1m,HOLD,,,,0.0,"sma_cross_fast:HOLD,rsi_reversion:HOLD,ema_trend:HOLD"
1757084491,ADAUSDT,5m,HOLD,,,,0.0,"sma_cross_fast:HOLD,rsi_reversion:HOLD,ema_trend:HOLD"
1757084491,ADAUSDT,15m,HOLD,,,,0.0,"sma_cross_fast:HOLD,rsi_reversion:HOLD,ema_trend:HOLD"
1757084491,LINKUSDT,1m,HOLD,,,,0.0,"sma_cross_fast:HOLD,rsi_reversion:HOLD,ema_trend:HOLD"
1757084491,LINKUSDT,5m,HOLD,,,,0.0,"sma_cross_fast:HOLD,rsi_reversion:HOLD,ema_trend:HOLD"
1757084491,LINKUSDT,15m,HOLD,,,,0.0,"sma_cross_fast:HOLD,rsi_reversion:HOLD,ema_trend:HOLD"
1757084491,PEPEUSDT,1m,HOLD,,,,0.0,"sma_cross_fast:HOLD,rsi_reversion:HOLD,ema_trend:HOLD"
1757084491,PEPEUSDT,5m,HOLD,,,,0.0,"sma_cross_fast:HOLD,rsi_reversion:HOLD,ema_trend:HOLD"
1757084491,PEPEUSDT,15m,HOLD,,,,0.0,"sma_cross_fast:HOLD,rsi_reversion:HOLD,ema_trend:HOLD"
1757084491,PLUMEUSDT,1m,HOLD,,,,0.0,"sma_cross_fast:HOLD,rsi_reversion:HOLD,ema_trend:HOLD"
1757084491,PLUMEUSDT,5m,HOLD,,,,0.0,"sma_cross_fast:HOLD,rsi_reversion:HOLD,ema_trend:HOLD"
1757084491,PLUMEUSDT,15m,HOLD,,,,0.0,"sma_cross_fast:HOLD,rsi_reversion:HOLD,ema_trend:HOLD"
1757084491,CFXUSDT,1m,HOLD,,,,0.0,"sma_cross_fast:HOLD,rsi_reversion:HOLD,ema_trend:HOLD"
1757084491,CFXUSDT,5m,HOLD,,,,0.0,"sma_cross_fast:HOLD,rsi_reversion:HOLD,ema_trend:HOLD"
1757084491,CFXUSDT,15m,HOLD,,,,0.0,"sma_cross_fast:HOLD,rsi_reversion:HOLD,ema_trend:HOLD"
1757084491,ARBUSDT,1m,HOLD,,,,0.0,"sma_cross_fast:HOLD,rsi_reversion:HOLD,ema_trend:HOLD"
1757084491,ARBUSDT,5m,HOLD,,,,0.0,"sma_cross_fast:HOLD,rsi_reversion:HOLD,ema_trend:HOLD"
1757084491,ARBUSDT,15m,HOLD,,,,0.0,"sma_cross_fast:HOLD,rsi_reversion:HOLD,ema_trend:HOLD"
1757084491,PENGUUSDT,1m,HOLD,,,,0.0,"sma_cross_fast:HOLD,rsi_reversion:HOLD,ema_trend:HOLD"
1757084491,PENGUUSDT,5m,HOLD,,,,0.0,"sma_cross_fast:HOLD,rsi_reversion:HOLD,ema_trend:HOLD"
1757084491,PENGUUSDT,15m,HOLD,,,,0.0,"sma_cross_fast:HOLD,rsi_reversion:HOLD,ema_trend:HOLD"
1757084496,BTCUSDT,1m,HOLD,,,,0.0,"sma_cross_fast:HOLD,rsi_reversion:HOLD,ema_trend:HOLD"
1757084496,BTCUSDT,5m,HOLD,,,,0.0,"sma_cross_fast:HOLD,rsi_reversion:HOLD,ema_trend:HOLD"
1757084496,BTCUSDT,15m,HOLD,,,,0.0,"sma_cross_fast:HOLD,rsi_reversion:HOLD,ema_trend:HOLD"
1757084496,ETHUSDT,1m,HOLD,,,,0.0,"sma_cross_fast:HOLD,rsi_reversion:HOLD,ema_trend:HOLD"
1757084496,ETHUSDT,5m,HOLD,,,,0.0,"sma_cross_fast:HOLD,rsi_reversion:HOLD,ema_trend:HOLD"
1757084496,ETHUSDT,15m,HOLD,,,,0.0,"sma_cross_fast:HOLD,rsi_reversion:HOLD,ema_trend:HOLD"
1757084496,BNBUSDT,1m,HOLD,,,,0.0,"sma_cross_fast:HOLD,rsi_reversion:HOLD,ema_trend:HOLD"
1757084496,BNBUSDT,5m,HOLD,,,,0.0,"sma_cross_fast:HOLD,rsi_reversion:HOLD,ema_trend:HOLD"
1757084496,BNBUSDT,15m,HOLD,,,,0.0,"sma_cross_fast:HOLD,rsi_reversion:HOLD,ema_trend:HOLD"
1757084496,SOLUSDT,1m,HOLD,,,,0.0,"sma_cross_fast:HOLD,rsi_reversion:HOLD,ema_trend:HOLD"
1757084496,SOLUSDT,5m,HOLD,,,,0.0,"sma_cross_fast:HOLD,rsi_reversion:HOLD,ema_trend:HOLD"
1757084496,SOLUSDT,15m,HOLD,,,,0.0,"sma_cross_fast:HOLD,rsi_reversion:HOLD,ema_trend:HOLD"
1757084496,XRPUSDT,1m,HOLD,,,,0.0,"sma_cross_fast:HOLD,rsi_reversion:HOLD,ema_trend:HOLD"
1757084496,XRPUSDT,5m,HOLD,,,,0.0,"sma_cross_fast:HOLD,rsi_reversion:HOLD,ema_trend:HOLD"
1757084496,XRPUSDT,15m,HOLD,,,,0.0,"sma_cross_fast:HOLD,rsi_reversion:HOLD,ema_trend:HOLD"
1757084496,USDCUSDT,1m,HOLD,,,,0.0,"sma_cross_fast:HOLD,rsi_reversion:HOLD,ema_trend:HOLD"
1757084496,USDCUSDT,5m,HOLD,,,,0.0,"sma_cross_fast:HOLD,rsi_reversion:HOLD,ema_trend:HOLD"
1757084496,USDCUSDT,15m,HOLD,,,,0.0,"sma_cross_fast:HOLD,rsi_reversion:HOLD,ema_trend:HOLD"
1757084496,FDUSDUSDT,1m,HOLD,,,,0.0,"sma_cross_fast:HOLD,rsi_reversion:HOLD,ema_trend:HOLD"
1757084496,FDUSDUSDT,5m,HOLD,,,,0.0,"sma_cross_fast:HOLD,rsi_reversion:HOLD,ema_trend:HOLD"
1757084496,FDUSDUSDT,15m,HOLD,,,,0.0,"sma_cross_fast:HOLD,rsi_reversion:HOLD,ema_trend:HOLD"
1757084496,DOGEUSDT,1m,HOLD,,,,0.0,"sma_cross_fast:HOLD,rsi_reversion:HOLD,ema_trend:HOLD"
1757084496,DOGEUSDT,5m,HOLD,,,,0.0,"sma_cross_fast:HOLD,rsi_reversion:HOLD,ema_trend:HOLD"
1757084496,DOGEUSDT,15m,HOLD,,,,0.0,"sma_cross_fast:HOLD,rsi_reversion:HOLD,ema_trend:HOLD"
1757084496,PYTHUSDT,1m,HOLD,,,,0.0,"sma_cross_fast:HOLD,rsi_reversion:HOLD,ema_trend:HOLD"
1757084496,PYTHUSDT,5m,HOLD,,,,0.0,"sma_cross_fast:HOLD,rsi_reversion:HOLD,ema_trend:HOLD"
1757084496,PYTHUSDT,15m,HOLD,,,,0.0,"sma_cross_fast:HOLD,rsi_reversion:HOLD,ema_trend:HOLD"
1757084496,SUIUSDT,1m,HOLD,,,,0.0,"sma_cross_fast:HOLD,rsi_reversion:HOLD,ema_trend:HOLD"
1757084496,SUIUSDT,5m,HOLD,,,,0.0,"sma_cross_fast:HOLD,rsi_reversion:HOLD,ema_trend:HOLD"
1757084496,SUIUSDT,15m,HOLD,,,,0.0,"sma_cross_fast:HOLD,rsi_reversion:HOLD,ema_trend:HOLD"
1757084496,ENAUSDT,1m,HOLD,,,,0.0,"sma_cross_fast:HOLD,rsi_reversion:HOLD,ema_trend:HOLD"
1757084496,ENAUSDT,5m,HOLD,,,,0.0,"sma_cross_fast:HOLD,rsi_reversion:HOLD,ema_trend:HOLD"
1757084496,ENAUSDT,15m,HOLD,,,,0.0,"sma_cross_fast:HOLD,rsi_reversion:HOLD,ema_trend:HOLD"
1757084496,BONKUSDT,1m,HOLD,,,,0.0,"sma_cross_fast:HOLD,rsi_reversion:HOLD,ema_trend:HOLD"
1757084496,BONKUSDT,5m,HOLD,,,,0.0,"sma_cross_fast:HOLD,rsi_reversion:HOLD,ema_trend:HOLD"
1757084496,BONKUSDT,15m,HOLD,,,,0.0,"sma_cross_fast:HOLD,rsi_reversion:HOLD,ema_trend:HOLD"
1757084496,TRXUSDT,1m,HOLD,,,,0.0,"sma_cross_fast:HOLD,rsi_reversion:HOLD,ema_trend:HOLD"
1757084496,TRXUSDT,5m,HOLD,,,,0.0,"sma_cross_fast:HOLD,rsi_reversion:HOLD,ema_trend:HOLD"
1757084496,TRXUSDT,15m,HOLD,,,,0.0,"sma_cross_fast:HOLD,rsi_reversion:HOLD,ema_trend:HOLD"
1757084496,ADAUSDT,1m,HOLD,,,,0.0,"sma_cross_fast:HOLD,rsi_reversion:HOLD,ema_trend:HOLD"
1757084496,ADAUSDT,5m,HOLD,,,,0.0,"sma_cross_fast:HOLD,rsi_reversion:HOLD,ema_trend:HOLD"
1757084496,ADAUSDT,15m,HOLD,,,,0.0,"sma_cross_fast:HOLD,rsi_reversion:HOLD,ema_trend:HOLD"
1757084496,LINKUSDT,1m,HOLD,,,,0.0,"sma_cross_fast:HOLD,rsi_reversion:HOLD,ema_trend:HOLD"
1757084496,LINKUSDT,5m,HOLD,,,,0.0,"sma_cross_fast:HOLD,rsi_reversion:HOLD,ema_trend:HOLD"
1757084496,LINKUSDT,15m,HOLD,,,,0.0,"sma_cross_fast:HOLD,rsi_reversion:HOLD,ema_trend:HOLD"
1757084496,PEPEUSDT,1m,HOLD,,,,0.0,"sma_cross_fast:HOLD,rsi_reversion:HOLD,ema_trend:HOLD"
1757084496,PEPEUSDT,5m,HOLD,,,,0.0,"sma_cross_fast:HOLD,rsi_reversion:HOLD,ema_trend:HOLD"
1757084496,PEPEUSDT,15m,HOLD,,,,0.0,"sma_cross_fast:HOLD,rsi_reversion:HOLD,ema_trend:HOLD"
1757084496,PLUMEUSDT,1m,HOLD,,,,0.0,"sma_cross_fast:HOLD,rsi_reversion:HOLD,ema_trend:HOLD"
1757084496,PLUMEUSDT,5m,HOLD,,,,0.0,"sma_cross_fast:HOLD,rsi_reversion:HOLD,ema_trend:HOLD"
1757084496,PLUMEUSDT,15m,HOLD,,,,0.0,"sma_cross_fast:HOLD,rsi_reversion:HOLD,ema_trend:HOLD"
1757084496,CFXUSDT,1m,HOLD,,,,0.0,"sma_cross_fast:HOLD,rsi_reversion:HOLD,ema_trend:HOLD"
1757084496,CFXUSDT,5m,HOLD,,,,0.0,"sma_cross_fast:HOLD,rsi_reversion:HOLD,ema_trend:HOLD"
1757084496,CFXUSDT,15m,HOLD,,,,0.0,"sma_cross_fast:HOLD,rsi_reversion:HOLD,ema_trend:HOLD"
1757084496,ARBUSDT,1m,HOLD,,,,0.0,"sma_cross_fast:HOLD,rsi_reversion:HOLD,ema_trend:HOLD"
1757084496,ARBUSDT,5m,HOLD,,,,0.0,"sma_cross_fast:HOLD,rsi_reversion:HOLD,ema_trend:HOLD"
1757084496,ARBUSDT,15m,HOLD,,,,0.0,"sma_cross_fast:HOLD,rsi_reversion:HOLD,ema_trend:HOLD"
1757084496,PENGUUSDT,1m,HOLD,,,,0.0,"sma_cross_fast:HOLD,rsi_reversion:HOLD,ema_trend:HOLD"
1757084496,PENGUUSDT,5m,HOLD,,,,0.0,"sma_cross_fast:HOLD,rsi_reversion:HOLD,ema_trend:HOLD"
1757084496,PENGUUSDT,15m,HOLD,,,,0.0,"sma_cross_fast:HOLD,rsi_reversion:HOLD,ema_trend:HOLD"
1757084501,BTCUSDT,1m,HOLD,,,,0.0,"sma_cross_fast:HOLD,rsi_reversion:HOLD,ema_trend:HOLD"
1757084501,BTCUSDT,5m,HOLD,,,,0.0,"sma_cross_fast:HOLD,rsi_reversion:HOLD,ema_trend:HOLD"
1757084501,BTCUSDT,15m,HOLD,,,,0.0,"sma_cross_fast:HOLD,rsi_reversion:HOLD,ema_trend:HOLD"
1757084501,ETHUSDT,1m,HOLD,,,,0.0,"sma_cross_fast:HOLD,rsi_reversion:HOLD,ema_trend:HOLD"
1757084501,ETHUSDT,5m,HOLD,,,,0.0,"sma_cross_fast:HOLD,rsi_reversion:HOLD,ema_trend:HOLD"
1757084501,ETHUSDT,15m,HOLD,,,,0.0,"sma_cross_fast:HOLD,rsi_reversion:HOLD,ema_trend:HOLD"
1757084501,BNBUSDT,1m,HOLD,,,,0.0,"sma_cross_fast:HOLD,rsi_reversion:HOLD,ema_trend:HOLD"
1757084501,BNBUSDT,5m,HOLD,,,,0.0,"sma_cross_fast:HOLD,rsi_reversion:HOLD,ema_trend:HOLD"
1757084501,BNBUSDT,15m,HOLD,,,,0.0,"sma_cross_fast:HOLD,rsi_reversion:HOLD,ema_trend:HOLD"
1757084501,SOLUSDT,1m,HOLD,,,,0.0,"sma_cross_fast:HOLD,rsi_reversion:HOLD,ema_trend:HOLD"
1757084501,SOLUSDT,5m,HOLD,,,,0.0,"sma_cross_fast:HOLD,rsi_reversion:HOLD,ema_trend:HOLD"
1757084501,SOLUSDT,15m,HOLD,,,,0.0,"sma_cross_fast:HOLD,rsi_reversion:HOLD,ema_trend:HOLD"
1757084501,XRPUSDT,1m,HOLD,,,,0.0,"sma_cross_fast:HOLD,rsi_reversion:HOLD,ema_trend:HOLD"
1757084501,XRPUSDT,5m,HOLD,,,,0.0,"sma_cross_fast:HOLD,rsi_reversion:HOLD,ema_trend:HOLD"
1757084501,XRPUSDT,15m,HOLD,,,,0.0,"sma_cross_fast:HOLD,rsi_reversion:HOLD,ema_trend:HOLD"
1757084501,USDCUSDT,1m,HOLD,,,,0.0,"sma_cross_fast:HOLD,rsi_reversion:HOLD,ema_trend:HOLD"
1757084501,USDCUSDT,5m,HOLD,,,,0.0,"sma_cross_fast:HOLD,rsi_reversion:HOLD,ema_trend:HOLD"
1757084501,USDCUSDT,15m,HOLD,,,,0.0,"sma_cross_fast:HOLD,rsi_reversion:HOLD,ema_trend:HOLD"
1757084501,FDUSDUSDT,1m,HOLD,,,,0.0,"sma_cross_fast:HOLD,rsi_reversion:HOLD,ema_trend:HOLD"
1757084501,FDUSDUSDT,5m,HOLD,,,,0.0,"sma_cross_fast:HOLD,rsi_reversion:HOLD,ema_trend:HOLD"
1757084501,FDUSDUSDT,15m,HOLD,,,,0.0,"sma_cross_fast:HOLD,rsi_reversion:HOLD,ema_trend:HOLD"
1757084501,DOGEUSDT,1m,HOLD,,,,0.0,"sma_cross_fast:HOLD,rsi_reversion:HOLD,ema_trend:HOLD"
1757084501,DOGEUSDT,5m,HOLD,,,,0.0,"sma_cross_fast:HOLD,rsi_reversion:HOLD,ema_trend:HOLD"
1757084501,DOGEUSDT,15m,HOLD,,,,0.0,"sma_cross_fast:HOLD,rsi_reversion:HOLD,ema_trend:HOLD"
1757084501,PYTHUSDT,1m,HOLD,,,,0.0,"sma_cross_fast:HOLD,rsi_reversion:HOLD,ema_trend:HOLD"
1757084501,PYTHUSDT,5m,HOLD,,,,0.0,"sma_cross_fast:HOLD,rsi_reversion:HOLD,ema_trend:HOLD"
1757084501,PYTHUSDT,15m,HOLD,,,,0.0,"sma_cross_fast:HOLD,rsi_reversion:HOLD,ema_trend:HOLD"
1757084501,SUIUSDT,1m,HOLD,,,,0.0,"sma_cross_fast:HOLD,rsi_reversion:HOLD,ema_trend:HOLD"
1757084501,SUIUSDT,5m,HOLD,,,,0.0,"sma_cross_fast:HOLD,rsi_reversion:HOLD,ema_trend:HOLD"
1757084501,SUIUSDT,15m,HOLD,,,,0.0,"sma_cross_fast:HOLD,rsi_reversion:HOLD,ema_trend:HOLD"
1757084501,ENAUSDT,1m,HOLD,,,,0.0,"sma_cross_fast:HOLD,rsi_reversion:HOLD,ema_trend:HOLD"
1757084501,ENAUSDT,5m,HOLD,,,,0.0,"sma_cross_fast:HOLD,rsi_reversion:HOLD,ema_trend:HOLD"
1757084501,ENAUSDT,15m,HOLD,,,,0.0,"sma_cross_fast:HOLD,rsi_reversion:HOLD,ema_trend:HOLD"
1757084501,BONKUSDT,1m,HOLD,,,,0.0,"sma_cross_fast:HOLD,rsi_reversion:HOLD,ema_trend:HOLD"
1757084501,BONKUSDT,5m,HOLD,,,,0.0,"sma_cross_fast:HOLD,rsi_reversion:HOLD,ema_trend:HOLD"
1757084501,BONKUSDT,15m,HOLD,,,,0.0,"sma_cross_fast:HOLD,rsi_reversion:HOLD,ema_trend:HOLD"
1757084501,TRXUSDT,1m,HOLD,,,,0.0,"sma_cross_fast:HOLD,rsi_reversion:HOLD,ema_trend:HOLD"
1757084501,TRXUSDT,5m,HOLD,,,,0.0,"sma_cross_fast:HOLD,rsi_reversion:HOLD,ema_trend:HOLD"
1757084501,TRXUSDT,15m,HOLD,,,,0.0,"sma_cross_fast:HOLD,rsi_reversion:HOLD,ema_trend:HOLD"
1757084501,ADAUSDT,1m,HOLD,,,,0.0,"sma_cross_fast:HOLD,rsi_reversion:HOLD,ema_trend:HOLD"
1757084501,ADAUSDT,5m,HOLD,,,,0.0,"sma_cross_fast:HOLD,rsi_reversion:HOLD,ema_trend:HOLD"
1757084501,ADAUSDT,15m,HOLD,,,,0.0,"sma_cross_fast:HOLD,rsi_reversion:HOLD,ema_trend:HOLD"
1757084501,LINKUSDT,1m,HOLD,,,,0.0,"sma_cross_fast:HOLD,rsi_reversion:HOLD,ema_trend:HOLD"
1757084501,LINKUSDT,5m,HOLD,,,,0.0,"sma_cross_fast:HOLD,rsi_reversion:HOLD,ema_trend:HOLD"
1757084501,LINKUSDT,15m,HOLD,,,,0.0,"sma_cross_fast:HOLD,rsi_reversion:HOLD,ema_trend:HOLD"
1757084501,PEPEUSDT,1m,HOLD,,,,0.0,"sma_cross_fast:HOLD,rsi_reversion:HOLD,ema_trend:HOLD"
1757084501,PEPEUSDT,5m,HOLD,,,,0.0,"sma_cross_fast:HOLD,rsi_reversion:HOLD,ema_trend:HOLD"
1757084501,PEPEUSDT,15m,HOLD,,,,0.0,"sma_cross_fast:HOLD,rsi_reversion:HOLD,ema_trend:HOLD"
1757084501,PLUMEUSDT,1m,HOLD,,,,0.0,"sma_cross_fast:HOLD,rsi_reversion:HOLD,ema_trend:HOLD"
1757084501,PLUMEUSDT,5m,HOLD,,,,0.0,"sma_cross_fast:HOLD,rsi_reversion:HOLD,ema_trend:HOLD"
1757084501,PLUMEUSDT,15m,HOLD,,,,0.0,"sma_cross_fast:HOLD,rsi_reversion:HOLD,ema_trend:HOLD"
1757084501,CFXUSDT,1m,HOLD,,,,0.0,"sma_cross_fast:HOLD,rsi_reversion:HOLD,ema_trend:HOLD"
1757084501,CFXUSDT,5m,HOLD,,,,0.0,"sma_cross_fast:HOLD,rsi_reversion:HOLD,ema_trend:HOLD"
1757084501,CFXUSDT,15m,HOLD,,,,0.0,"sma_cross_fast:HOLD,rsi_reversion:HOLD,ema_trend:HOLD"
1757084501,ARBUSDT,1m,HOLD,,,,0.0,"sma_cross_fast:HOLD,rsi_reversion:HOLD,ema_trend:HOLD"
1757084501,ARBUSDT,5m,HOLD,,,,0.0,"sma_cross_fast:HOLD,rsi_reversion:HOLD,ema_trend:HOLD"
1757084501,ARBUSDT,15m,HOLD,,,,0.0,"sma_cross_fast:HOLD,rsi_reversion:HOLD,ema_trend:HOLD"
1757084501,PENGUUSDT,1m,HOLD,,,,0.0,"sma_cross_fast:HOLD,rsi_reversion:HOLD,ema_trend:HOLD"
1757084501,PENGUUSDT,5m,HOLD,,,,0.0,"sma_cross_fast:HOLD,rsi_reversion:HOLD,ema_trend:HOLD"
1757084501,PENGUUSDT,15m,HOLD,,,,0.0,"sma_cross_fast:HOLD,rsi_reversion:HOLD,ema_trend:HOLD"
1757084506,BTCUSDT,1m,HOLD,,,,0.0,"sma_cross_fast:HOLD,rsi_reversion:HOLD,ema_trend:HOLD"
1757084506,BTCUSDT,5m,HOLD,,,,0.0,"sma_cross_fast:HOLD,rsi_reversion:HOLD,ema_trend:HOLD"
1757084506,BTCUSDT,15m,HOLD,,,,0.0,"sma_cross_fast:HOLD,rsi_reversion:HOLD,ema_trend:HOLD"
1757084506,ETHUSDT,1m,HOLD,,,,0.0,"sma_cross_fast:HOLD,rsi_reversion:HOLD,ema_trend:HOLD"
1757084506,ETHUSDT,5m,HOLD,,,,0.0,"sma_cross_fast:HOLD,rsi_reversion:HOLD,ema_trend:HOLD"
1757084506,ETHUSDT,15m,HOLD,,,,0.0,"sma_cross_fast:HOLD,rsi_reversion:HOLD,ema_trend:HOLD"
1757084506,BNBUSDT,1m,HOLD,,,,0.0,"sma_cross_fast:HOLD,rsi_reversion:HOLD,ema_trend:HOLD"
1757084506,BNBUSDT,5m,HOLD,,,,0.0,"sma_cross_fast:HOLD,rsi_reversion:HOLD,ema_trend:HOLD"
1757084506,BNBUSDT,15m,HOLD,,,,0.0,"sma_cross_fast:HOLD,rsi_reversion:HOLD,ema_trend:HOLD"
1757084506,SOLUSDT,1m,HOLD,,,,0.0,"sma_cross_fast:HOLD,rsi_reversion:HOLD,ema_trend:HOLD"
1757084506,SOLUSDT,5m,HOLD,,,,0.0,"sma_cross_fast:HOLD,rsi_reversion:HOLD,ema_trend:HOLD"
1757084506,SOLUSDT,15m,HOLD,,,,0.0,"sma_cross_fast:HOLD,rsi_reversion:HOLD,ema_trend:HOLD"
1757084506,XRPUSDT,1m,HOLD,,,,0.0,"sma_cross_fast:HOLD,rsi_reversion:HOLD,ema_trend:HOLD"
1757084506,XRPUSDT,5m,HOLD,,,,0.0,"sma_cross_fast:HOLD,rsi_reversion:HOLD,ema_trend:HOLD"
1757084506,XRPUSDT,15m,HOLD,,,,0.0,"sma_cross_fast:HOLD,rsi_reversion:HOLD,ema_trend:HOLD"
1757084506,USDCUSDT,1m,HOLD,,,,0.0,"sma_cross_fast:HOLD,rsi_reversion:HOLD,ema_trend:HOLD"
1757084506,USDCUSDT,5m,HOLD,,,,0.0,"sma_cross_fast:HOLD,rsi_reversion:HOLD,ema_trend:HOLD"
1757084506,USDCUSDT,15m,HOLD,,,,0.0,"sma_cross_fast:HOLD,rsi_reversion:HOLD,ema_trend:HOLD"
1757084506,FDUSDUSDT,1m,HOLD,,,,0.0,"sma_cross_fast:HOLD,rsi_reversion:HOLD,ema_trend:HOLD"
1757084506,FDUSDUSDT,5m,HOLD,,,,0.0,"sma_cross_fast:HOLD,rsi_reversion:HOLD,ema_trend:HOLD"
1757084506,FDUSDUSDT,15m,HOLD,,,,0.0,"sma_cross_fast:HOLD,rsi_reversion:HOLD,ema_trend:HOLD"
1757084506,DOGEUSDT,1m,HOLD,,,,0.0,"sma_cross_fast:HOLD,rsi_reversion:HOLD,ema_trend:HOLD"
1757084506,DOGEUSDT,5m,HOLD,,,,0.0,"sma_cross_fast:HOLD,rsi_reversion:HOLD,ema_trend:HOLD"
1757084506,DOGEUSDT,15m,HOLD,,,,0.0,"sma_cross_fast:HOLD,rsi_reversion:HOLD,ema_trend:HOLD"
1757084506,PYTHUSDT,1m,HOLD,,,,0.0,"sma_cross_fast:HOLD,rsi_reversion:HOLD,ema_trend:HOLD"
1757084506,PYTHUSDT,5m,HOLD,,,,0.0,"sma_cross_fast:HOLD,rsi_reversion:HOLD,ema_trend:HOLD"
1757084506,PYTHUSDT,15m,HOLD,,,,0.0,"sma_cross_fast:HOLD,rsi_reversion:HOLD,ema_trend:HOLD"
1757084506,SUIUSDT,1m,HOLD,,,,0.0,"sma_cross_fast:HOLD,rsi_reversion:HOLD,ema_trend:HOLD"
1757084506,SUIUSDT,5m,HOLD,,,,0.0,"sma_cross_fast:HOLD,rsi_reversion:HOLD,ema_trend:HOLD"
1757084506,SUIUSDT,15m,HOLD,,,,0.0,"sma_cross_fast:HOLD,rsi_reversion:HOLD,ema_trend:HOLD"
1757084506,ENAUSDT,1m,HOLD,,,,0.0,"sma_cross_fast:HOLD,rsi_reversion:HOLD,ema_trend:HOLD"
1757084506,ENAUSDT,5m,HOLD,,,,0.0,"sma_cross_fast:HOLD,rsi_reversion:HOLD,ema_trend:HOLD"
1757084506,ENAUSDT,15m,HOLD,,,,0.0,"sma_cross_fast:HOLD,rsi_reversion:HOLD,ema_trend:HOLD"
1757084506,BONKUSDT,1m,HOLD,,,,0.0,"sma_cross_fast:HOLD,rsi_reversion:HOLD,ema_trend:HOLD"
1757084506,BONKUSDT,5m,HOLD,,,,0.0,"sma_cross_fast:HOLD,rsi_reversion:HOLD,ema_trend:HOLD"
1757084506,BONKUSDT,15m,HOLD,,,,0.0,"sma_cross_fast:HOLD,rsi_reversion:HOLD,ema_trend:HOLD"
1757084506,TRXUSDT,1m,HOLD,,,,0.0,"sma_cross_fast:HOLD,rsi_reversion:HOLD,ema_trend:HOLD"
1757084506,TRXUSDT,5m,HOLD,,,,0.0,"sma_cross_fast:HOLD,rsi_reversion:HOLD,ema_trend:HOLD"
1757084506,TRXUSDT,15m,HOLD,,,,0.0,"sma_cross_fast:HOLD,rsi_reversion:HOLD,ema_trend:HOLD"
1757084506,ADAUSDT,1m,HOLD,,,,0.0,"sma_cross_fast:HOLD,rsi_reversion:HOLD,ema_trend:HOLD"
1757084506,ADAUSDT,5m,HOLD,,,,0.0,"sma_cross_fast:HOLD,rsi_reversion:HOLD,ema_trend:HOLD"
1757084506,ADAUSDT,15m,HOLD,,,,0.0,"sma_cross_fast:HOLD,rsi_reversion:HOLD,ema_trend:HOLD"
1757084506,LINKUSDT,1m,HOLD,,,,0.0,"sma_cross_fast:HOLD,rsi_reversion:HOLD,ema_trend:HOLD"
1757084506,LINKUSDT,5m,HOLD,,,,0.0,"sma_cross_fast:HOLD,rsi_reversion:HOLD,ema_trend:HOLD"
1757084506,LINKUSDT,15m,HOLD,,,,0.0,"sma_cross_fast:HOLD,rsi_reversion:HOLD,ema_trend:HOLD"
1757084506,PEPEUSDT,1m,HOLD,,,,0.0,"sma_cross_fast:HOLD,rsi_reversion:HOLD,ema_trend:HOLD"
1757084506,PEPEUSDT,5m,HOLD,,,,0.0,"sma_cross_fast:HOLD,rsi_reversion:HOLD,ema_trend:HOLD"
1757084506,PEPEUSDT,15m,HOLD,,,,0.0,"sma_cross_fast:HOLD,rsi_reversion:HOLD,ema_trend:HOLD"
1757084506,PLUMEUSDT,1m,HOLD,,,,0.0,"sma_cross_fast:HOLD,rsi_reversion:HOLD,ema_trend:HOLD"
1757084506,PLUMEUSDT,5m,HOLD,,,,0.0,"sma_cross_fast:HOLD,rsi_reversion:HOLD,ema_trend:HOLD"
1757084506,PLUMEUSDT,15m,HOLD,,,,0.0,"sma_cross_fast:HOLD,rsi_reversion:HOLD,ema_trend:HOLD"
1757084506,CFXUSDT,1m,HOLD,,,,0.0,"sma_cross_fast:HOLD,rsi_reversion:HOLD,ema_trend:HOLD"
1757084506,CFXUSDT,5m,HOLD,,,,0.0,"sma_cross_fast:HOLD,rsi_reversion:HOLD,ema_trend:HOLD"
1757084506,CFXUSDT,15m,HOLD,,,,0.0,"sma_cross_fast:HOLD,rsi_reversion:HOLD,ema_trend:HOLD"
1757084506,ARBUSDT,1m,HOLD,,,,0.0,"sma_cross_fast:HOLD,rsi_reversion:HOLD,ema_trend:HOLD"
1757084506,ARBUSDT,5m,HOLD,,,,0.0,"sma_cross_fast:HOLD,rsi_reversion:HOLD,ema_trend:HOLD"
1757084506,ARBUSDT,15m,HOLD,,,,0.0,"sma_cross_fast:HOLD,rsi_reversion:HOLD,ema_trend:HOLD"
1757084506,PENGUUSDT,1m,HOLD,,,,0.0,"sma_cross_fast:HOLD,rsi_reversion:HOLD,ema_trend:HOLD"
1757084506,PENGUUSDT,5m,HOLD,,,,0.0,"sma_cross_fast:HOLD,rsi_reversion:HOLD,ema_trend:HOLD"
1757084506,PENGUUSDT,15m,HOLD,,,,0.0,"sma_cross_fast:HOLD,rsi_reversion:HOLD,ema_trend:HOLD"
1757084511,BTCUSDT,1m,HOLD,,,,0.0,"sma_cross_fast:HOLD,rsi_reversion:HOLD,ema_trend:HOLD"
1757084511,BTCUSDT,5m,HOLD,,,,0.0,"sma_cross_fast:HOLD,rsi_reversion:HOLD,ema_trend:HOLD"
1757084511,BTCUSDT,15m,HOLD,,,,0.0,"sma_cross_fast:HOLD,rsi_reversion:HOLD,ema_trend:HOLD"
1757084511,ETHUSDT,1m,HOLD,,,,0.0,"sma_cross_fast:HOLD,rsi_reversion:HOLD,ema_trend:HOLD"
1757084511,ETHUSDT,5m,HOLD,,,,0.0,"sma_cross_fast:HOLD,rsi_reversion:HOLD,ema_trend:HOLD"
1757084511,ETHUSDT,15m,HOLD,,,,0.0,"sma_cross_fast:HOLD,rsi_reversion:HOLD,ema_trend:HOLD"
1757084511,BNBUSDT,1m,HOLD,,,,0.0,"sma_cross_fast:HOLD,rsi_reversion:HOLD,ema_trend:HOLD"
1757084511,BNBUSDT,5m,HOLD,,,,0.0,"sma_cross_fast:HOLD,rsi_reversion:HOLD,ema_trend:HOLD"
1757084511,BNBUSDT,15m,HOLD,,,,0.0,"sma_cross_fast:HOLD,rsi_reversion:HOLD,ema_trend:HOLD"
1757084511,SOLUSDT,1m,HOLD,,,,0.0,"sma_cross_fast:HOLD,rsi_reversion:HOLD,ema_trend:HOLD"
1757084511,SOLUSDT,5m,HOLD,,,,0.0,"sma_cross_fast:HOLD,rsi_reversion:HOLD,ema_trend:HOLD"
1757084511,SOLUSDT,15m,HOLD,,,,0.0,"sma_cross_fast:HOLD,rsi_reversion:HOLD,ema_trend:HOLD"
1757084511,XRPUSDT,1m,HOLD,,,,0.0,"sma_cross_fast:HOLD,rsi_reversion:HOLD,ema_trend:HOLD"
1757084511,XRPUSDT,5m,HOLD,,,,0.0,"sma_cross_fast:HOLD,rsi_reversion:HOLD,ema_trend:HOLD"
1757084511,XRPUSDT,15m,HOLD,,,,0.0,"sma_cross_fast:HOLD,rsi_reversion:HOLD,ema_trend:HOLD"
1757084511,USDCUSDT,1m,HOLD,,,,0.0,"sma_cross_fast:HOLD,rsi_reversion:HOLD,ema_trend:HOLD"
1757084511,USDCUSDT,5m,HOLD,,,,0.0,"sma_cross_fast:HOLD,rsi_reversion:HOLD,ema_trend:HOLD"
1757084511,USDCUSDT,15m,HOLD,,,,0.0,"sma_cross_fast:HOLD,rsi_reversion:HOLD,ema_trend:HOLD"
1757084511,FDUSDUSDT,1m,HOLD,,,,0.0,"sma_cross_fast:HOLD,rsi_reversion:HOLD,ema_trend:HOLD"
1757084511,FDUSDUSDT,5m,HOLD,,,,0.0,"sma_cross_fast:HOLD,rsi_reversion:HOLD,ema_trend:HOLD"
1757084511,FDUSDUSDT,15m,HOLD,,,,0.0,"sma_cross_fast:HOLD,rsi_reversion:HOLD,ema_trend:HOLD"
1757084511,DOGEUSDT,1m,HOLD,,,,0.0,"sma_cross_fast:HOLD,rsi_reversion:HOLD,ema_trend:HOLD"
1757084511,DOGEUSDT,5m,HOLD,,,,0.0,"sma_cross_fast:HOLD,rsi_reversion:HOLD,ema_trend:HOLD"
1757084511,DOGEUSDT,15m,HOLD,,,,0.0,"sma_cross_fast:HOLD,rsi_reversion:HOLD,ema_trend:HOLD"
1757084511,PYTHUSDT,1m,HOLD,,,,0.0,"sma_cross_fast:HOLD,rsi_reversion:HOLD,ema_trend:HOLD"
1757084511,PYTHUSDT,5m,HOLD,,,,0.0,"sma_cross_fast:HOLD,rsi_reversion:HOLD,ema_trend:HOLD"
1757084511,PYTHUSDT,15m,HOLD,,,,0.0,"sma_cross_fast:HOLD,rsi_reversion:HOLD,ema_trend:HOLD"
1757084511,SUIUSDT,1m,HOLD,,,,0.0,"sma_cross_fast:HOLD,rsi_reversion:HOLD,ema_trend:HOLD"
1757084511,SUIUSDT,5m,HOLD,,,,0.0,"sma_cross_fast:HOLD,rsi_reversion:HOLD,ema_trend:HOLD"
1757084511,SUIUSDT,15m,HOLD,,,,0.0,"sma_cross_fast:HOLD,rsi_reversion:HOLD,ema_trend:HOLD"
1757084511,ENAUSDT,1m,HOLD,,,,0.0,"sma_cross_fast:HOLD,rsi_reversion:HOLD,ema_trend:HOLD"
1757084511,ENAUSDT,5m,HOLD,,,,0.0,"sma_cross_fast:HOLD,rsi_reversion:HOLD,ema_trend:HOLD"
1757084511,ENAUSDT,15m,HOLD,,,,0.0,"sma_cross_fast:HOLD,rsi_reversion:HOLD,ema_trend:HOLD"
1757084511,BONKUSDT,1m,HOLD,,,,0.0,"sma_cross_fast:HOLD,rsi_reversion:HOLD,ema_trend:HOLD"
1757084511,BONKUSDT,5m,HOLD,,,,0.0,"sma_cross_fast:HOLD,rsi_reversion:HOLD,ema_trend:HOLD"
1757084511,BONKUSDT,15m,HOLD,,,,0.0,"sma_cross_fast:HOLD,rsi_reversion:HOLD,ema_trend:HOLD"
1757084511,TRXUSDT,1m,HOLD,,,,0.0,"sma_cross_fast:HOLD,rsi_reversion:HOLD,ema_trend:HOLD"
1757084511,TRXUSDT,5m,HOLD,,,,0.0,"sma_cross_fast:HOLD,rsi_reversion:HOLD,ema_trend:HOLD"
1757084511,TRXUSDT,15m,HOLD,,,,0.0,"sma_cross_fast:HOLD,rsi_reversion:HOLD,ema_trend:HOLD"
1757084511,ADAUSDT,1m,HOLD,,,,0.0,"sma_cross_fast:HOLD,rsi_reversion:HOLD,ema_trend:HOLD"
1757084511,ADAUSDT,5m,HOLD,,,,0.0,"sma_cross_fast:HOLD,rsi_reversion:HOLD,ema_trend:HOLD"
1757084511,ADAUSDT,15m,HOLD,,,,0.0,"sma_cross_fast:HOLD,rsi_reversion:HOLD,ema_trend:HOLD"
1757084511,LINKUSDT,1m,HOLD,,,,0.0,"sma_cross_fast:HOLD,rsi_reversion:HOLD,ema_trend:HOLD"
1757084511,LINKUSDT,5m,HOLD,,,,0.0,"sma_cross_fast:HOLD,rsi_reversion:HOLD,ema_trend:HOLD"
1757084511,LINKUSDT,15m,HOLD,,,,0.0,"sma_cross_fast:HOLD,rsi_reversion:HOLD,ema_trend:HOLD"
1757084511,PEPEUSDT,1m,HOLD,,,,0.0,"sma_cross_fast:HOLD,rsi_reversion:HOLD,ema_trend:HOLD"
1757084511,PEPEUSDT,5m,HOLD,,,,0.0,"sma_cross_fast:HOLD,rsi_reversion:HOLD,ema_trend:HOLD"
1757084511,PEPEUSDT,15m,HOLD,,,,0.0,"sma_cross_fast:HOLD,rsi_reversion:HOLD,ema_trend:HOLD"
1757084511,PLUMEUSDT,1m,HOLD,,,,0.0,"sma_cross_fast:HOLD,rsi_reversion:HOLD,ema_trend:HOLD"
1757084511,PLUMEUSDT,5m,HOLD,,,,0.0,"sma_cross_fast:HOLD,rsi_reversion:HOLD,ema_trend:HOLD"
1757084511,PLUMEUSDT,15m,HOLD,,,,0.0,"sma_cross_fast:HOLD,rsi_reversion:HOLD,ema_trend:HOLD"
1757084511,CFXUSDT,1m,HOLD,,,,0.0,"sma_cross_fast:HOLD,rsi_reversion:HOLD,ema_trend:HOLD"
1757084511,CFXUSDT,5m,HOLD,,,,0.0,"sma_cross_fast:HOLD,rsi_reversion:HOLD,ema_trend:HOLD"
1757084511,CFXUSDT,15m,HOLD,,,,0.0,"sma_cross_fast:HOLD,rsi_reversion:HOLD,ema_trend:HOLD"
1757084511,ARBUSDT,1m,HOLD,,,,0.0,"sma_cross_fast:HOLD,rsi_reversion:HOLD,ema_trend:HOLD"
1757084511,ARBUSDT,5m,HOLD,,,,0.0,"sma_cross_fast:HOLD,rsi_reversion:HOLD,ema_trend:HOLD"
1757084511,ARBUSDT,15m,HOLD,,,,0.0,"sma_cross_fast:HOLD,rsi_reversion:HOLD,ema_trend:HOLD"
1757084511,PENGUUSDT,1m,HOLD,,,,0.0,"sma_cross_fast:HOLD,rsi_reversion:HOLD,ema_trend:HOLD"
1757084511,PENGUUSDT,5m,HOLD,,,,0.0,"sma_cross_fast:HOLD,rsi_reversion:HOLD,ema_trend:HOLD"
1757084511,PENGUUSDT,15m,HOLD,,,,0.0,"sma_cross_fast:HOLD,rsi_reversion:HOLD,ema_trend:HOLD"
1757084516,BTCUSDT,1m,HOLD,,,,0.0,"sma_cross_fast:HOLD,rsi_reversion:HOLD,ema_trend:HOLD"
1757084516,BTCUSDT,5m,HOLD,,,,0.0,"sma_cross_fast:HOLD,rsi_reversion:HOLD,ema_trend:HOLD"
1757084516,BTCUSDT,15m,HOLD,,,,0.0,"sma_cross_fast:HOLD,rsi_reversion:HOLD,ema_trend:HOLD"
1757084516,ETHUSDT,1m,HOLD,,,,0.0,"sma_cross_fast:HOLD,rsi_reversion:HOLD,ema_trend:HOLD"
1757084516,ETHUSDT,5m,HOLD,,,,0.0,"sma_cross_fast:HOLD,rsi_reversion:HOLD,ema_trend:HOLD"
1757084516,ETHUSDT,15m,HOLD,,,,0.0,"sma_cross_fast:HOLD,rsi_reversion:HOLD,ema_trend:HOLD"
1757084516,BNBUSDT,1m,HOLD,,,,0.0,"sma_cross_fast:HOLD,rsi_reversion:HOLD,ema_trend:HOLD"
1757084516,BNBUSDT,5m,HOLD,,,,0.0,"sma_cross_fast:HOLD,rsi_reversion:HOLD,ema_trend:HOLD"
1757084516,BNBUSDT,15m,HOLD,,,,0.0,"sma_cross_fast:HOLD,rsi_reversion:HOLD,ema_trend:HOLD"
1757084516,SOLUSDT,1m,HOLD,,,,0.0,"sma_cross_fast:HOLD,rsi_reversion:HOLD,ema_trend:HOLD"
1757084516,SOLUSDT,5m,HOLD,,,,0.0,"sma_cross_fast:HOLD,rsi_reversion:HOLD,ema_trend:HOLD"
1757084516,SOLUSDT,15m,HOLD,,,,0.0,"sma_cross_fast:HOLD,rsi_reversion:HOLD,ema_trend:HOLD"
1757084516,XRPUSDT,1m,HOLD,,,,0.0,"sma_cross_fast:HOLD,rsi_reversion:HOLD,ema_trend:HOLD"
1757084516,XRPUSDT,5m,HOLD,,,,0.0,"sma_cross_fast:HOLD,rsi_reversion:HOLD,ema_trend:HOLD"
1757084516,XRPUSDT,15m,HOLD,,,,0.0,"sma_cross_fast:HOLD,rsi_reversion:HOLD,ema_trend:HOLD"
1757084516,USDCUSDT,1m,HOLD,,,,0.0,"sma_cross_fast:HOLD,rsi_reversion:HOLD,ema_trend:HOLD"
1757084516,USDCUSDT,5m,HOLD,,,,0.0,"sma_cross_fast:HOLD,rsi_reversion:HOLD,ema_trend:HOLD"
1757084516,USDCUSDT,15m,HOLD,,,,0.0,"sma_cross_fast:HOLD,rsi_reversion:HOLD,ema_trend:HOLD"
1757084516,FDUSDUSDT,1m,HOLD,,,,0.0,"sma_cross_fast:HOLD,rsi_reversion:HOLD,ema_trend:HOLD"
1757084516,FDUSDUSDT,5m,HOLD,,,,0.0,"sma_cross_fast:HOLD,rsi_reversion:HOLD,ema_trend:HOLD"
1757084516,FDUSDUSDT,15m,HOLD,,,,0.0,"sma_cross_fast:HOLD,rsi_reversion:HOLD,ema_trend:HOLD"
1757084516,DOGEUSDT,1m,HOLD,,,,0.0,"sma_cross_fast:HOLD,rsi_reversion:HOLD,ema_trend:HOLD"
1757084516,DOGEUSDT,5m,HOLD,,,,0.0,"sma_cross_fast:HOLD,rsi_reversion:HOLD,ema_trend:HOLD"
1757084516,DOGEUSDT,15m,HOLD,,,,0.0,"sma_cross_fast:HOLD,rsi_reversion:HOLD,ema_trend:HOLD"
1757084516,PYTHUSDT,1m,HOLD,,,,0.0,"sma_cross_fast:HOLD,rsi_reversion:HOLD,ema_trend:HOLD"
1757084516,PYTHUSDT,5m,HOLD,,,,0.0,"sma_cross_fast:HOLD,rsi_reversion:HOLD,ema_trend:HOLD"
1757084516,PYTHUSDT,15m,HOLD,,,,0.0,"sma_cross_fast:HOLD,rsi_reversion:HOLD,ema_trend:HOLD"
1757084516,SUIUSDT,1m,HOLD,,,,0.0,"sma_cross_fast:HOLD,rsi_reversion:HOLD,ema_trend:HOLD"
1757084516,SUIUSDT,5m,HOLD,,,,0.0,"sma_cross_fast:HOLD,rsi_reversion:HOLD,ema_trend:HOLD"
1757084516,SUIUSDT,15m,HOLD,,,,0.0,"sma_cross_fast:HOLD,rsi_reversion:HOLD,ema_trend:HOLD"
1757084516,ENAUSDT,1m,HOLD,,,,0.0,"sma_cross_fast:HOLD,rsi_reversion:HOLD,ema_trend:HOLD"
1757084516,ENAUSDT,5m,HOLD,,,,0.0,"sma_cross_fast:HOLD,rsi_reversion:HOLD,ema_trend:HOLD"
1757084516,ENAUSDT,15m,HOLD,,,,0.0,"sma_cross_fast:HOLD,rsi_reversion:HOLD,ema_trend:HOLD"
1757084516,BONKUSDT,1m,HOLD,,,,0.0,"sma_cross_fast:HOLD,rsi_reversion:HOLD,ema_trend:HOLD"
1757084516,BONKUSDT,5m,HOLD,,,,0.0,"sma_cross_fast:HOLD,rsi_reversion:HOLD,ema_trend:HOLD"
1757084516,BONKUSDT,15m,HOLD,,,,0.0,"sma_cross_fast:HOLD,rsi_reversion:HOLD,ema_trend:HOLD"
1757084516,TRXUSDT,1m,HOLD,,,,0.0,"sma_cross_fast:HOLD,rsi_reversion:HOLD,ema_trend:HOLD"
1757084516,TRXUSDT,5m,HOLD,,,,0.0,"sma_cross_fast:HOLD,rsi_reversion:HOLD,ema_trend:HOLD"
1757084516,TRXUSDT,15m,HOLD,,,,0.0,"sma_cross_fast:HOLD,rsi_reversion:HOLD,ema_trend:HOLD"
1757084516,ADAUSDT,1m,HOLD,,,,0.0,"sma_cross_fast:HOLD,rsi_reversion:HOLD,ema_trend:HOLD"
1757084516,ADAUSDT,5m,HOLD,,,,0.0,"sma_cross_fast:HOLD,rsi_reversion:HOLD,ema_trend:HOLD"
1757084516,ADAUSDT,15m,HOLD,,,,0.0,"sma_cross_fast:HOLD,rsi_reversion:HOLD,ema_trend:HOLD"
1757084516,LINKUSDT,1m,HOLD,,,,0.0,"sma_cross_fast:HOLD,rsi_reversion:HOLD,ema_trend:HOLD"
1757084516,LINKUSDT,5m,HOLD,,,,0.0,"sma_cross_fast:HOLD,rsi_reversion:HOLD,ema_trend:HOLD"
1757084516,LINKUSDT,15m,HOLD,,,,0.0,"sma_cross_fast:HOLD,rsi_reversion:HOLD,ema_trend:HOLD"
1757084516,PEPEUSDT,1m,HOLD,,,,0.0,"sma_cross_fast:HOLD,rsi_reversion:HOLD,ema_trend:HOLD"
1757084516,PEPEUSDT,5m,HOLD,,,,0.0,"sma_cross_fast:HOLD,rsi_reversion:HOLD,ema_trend:HOLD"
1757084516,PEPEUSDT,15m,HOLD,,,,0.0,"sma_cross_fast:HOLD,rsi_reversion:HOLD,ema_trend:HOLD"
1757084516,PLUMEUSDT,1m,HOLD,,,,0.0,"sma_cross_fast:HOLD,rsi_reversion:HOLD,ema_trend:HOLD"
1757084516,PLUMEUSDT,5m,HOLD,,,,0.0,"sma_cross_fast:HOLD,rsi_reversion:HOLD,ema_trend:HOLD"
1757084516,PLUMEUSDT,15m,HOLD,,,,0.0,"sma_cross_fast:HOLD,rsi_reversion:HOLD,ema_trend:HOLD"
1757084516,CFXUSDT,1m,HOLD,,,,0.0,"sma_cross_fast:HOLD,rsi_reversion:HOLD,ema_trend:HOLD"
1757084516,CFXUSDT,5m,HOLD,,,,0.0,"sma_cross_fast:HOLD,rsi_reversion:HOLD,ema_trend:HOLD"
1757084516,CFXUSDT,15m,HOLD,,,,0.0,"sma_cross_fast:HOLD,rsi_reversion:HOLD,ema_trend:HOLD"
1757084516,ARBUSDT,1m,HOLD,,,,0.0,"sma_cross_fast:HOLD,rsi_reversion:HOLD,ema_trend:HOLD"
1757084516,ARBUSDT,5m,HOLD,,,,0.0,"sma_cross_fast:HOLD,rsi_reversion:HOLD,ema_trend:HOLD"
1757084516,ARBUSDT,15m,HOLD,,,,0.0,"sma_cross_fast:HOLD,rsi_reversion:HOLD,ema_trend:HOLD"
1757084516,PENGUUSDT,1m,HOLD,,,,0.0,"sma_cross_fast:HOLD,rsi_reversion:HOLD,ema_trend:HOLD"
1757084516,PENGUUSDT,5m,HOLD,,,,0.0,"sma_cross_fast:HOLD,rsi_reversion:HOLD,ema_trend:HOLD"
1757084516,PENGUUSDT,15m,HOLD,,,,0.0,"sma_cross_fast:HOLD,rsi_reversion:HOLD,ema_trend:HOLD"
1757084521,BTCUSDT,1m,HOLD,,,,0.0,"sma_cross_fast:HOLD,rsi_reversion:HOLD,ema_trend:HOLD"
1757084521,BTCUSDT,5m,HOLD,,,,0.0,"sma_cross_fast:HOLD,rsi_reversion:HOLD,ema_trend:HOLD"
1757084521,BTCUSDT,15m,HOLD,,,,0.0,"sma_cross_fast:HOLD,rsi_reversion:HOLD,ema_trend:HOLD"
1757084521,ETHUSDT,1m,HOLD,,,,0.0,"sma_cross_fast:HOLD,rsi_reversion:HOLD,ema_trend:HOLD"
1757084521,ETHUSDT,5m,HOLD,,,,0.0,"sma_cross_fast:HOLD,rsi_reversion:HOLD,ema_trend:HOLD"
1757084521,ETHUSDT,15m,HOLD,,,,0.0,"sma_cross_fast:HOLD,rsi_reversion:HOLD,ema_trend:HOLD"
1757084521,BNBUSDT,1m,HOLD,,,,0.0,"sma_cross_fast:HOLD,rsi_reversion:HOLD,ema_trend:HOLD"
1757084521,BNBUSDT,5m,HOLD,,,,0.0,"sma_cross_fast:HOLD,rsi_reversion:HOLD,ema_trend:HOLD"
1757084521,BNBUSDT,15m,HOLD,,,,0.0,"sma_cross_fast:HOLD,rsi_reversion:HOLD,ema_trend:HOLD"
1757084521,SOLUSDT,1m,HOLD,,,,0.0,"sma_cross_fast:HOLD,rsi_reversion:HOLD,ema_trend:HOLD"
1757084521,SOLUSDT,5m,HOLD,,,,0.0,"sma_cross_fast:HOLD,rsi_reversion:HOLD,ema_trend:HOLD"
1757084521,SOLUSDT,15m,HOLD,,,,0.0,"sma_cross_fast:HOLD,rsi_reversion:HOLD,ema_trend:HOLD"
1757084521,XRPUSDT,1m,HOLD,,,,0.0,"sma_cross_fast:HOLD,rsi_reversion:HOLD,ema_trend:HOLD"
1757084521,XRPUSDT,5m,HOLD,,,,0.0,"sma_cross_fast:HOLD,rsi_reversion:HOLD,ema_trend:HOLD"
1757084521,XRPUSDT,15m,HOLD,,,,0.0,"sma_cross_fast:HOLD,rsi_reversion:HOLD,ema_trend:HOLD"
1757084521,USDCUSDT,1m,HOLD,,,,0.0,"sma_cross_fast:HOLD,rsi_reversion:HOLD,ema_trend:HOLD"
1757084521,USDCUSDT,5m,HOLD,,,,0.0,"sma_cross_fast:HOLD,rsi_reversion:HOLD,ema_trend:HOLD"
1757084521,USDCUSDT,15m,HOLD,,,,0.0,"sma_cross_fast:HOLD,rsi_reversion:HOLD,ema_trend:HOLD"
1757084521,FDUSDUSDT,1m,HOLD,,,,0.0,"sma_cross_fast:HOLD,rsi_reversion:HOLD,ema_trend:HOLD"
1757084521,FDUSDUSDT,5m,HOLD,,,,0.0,"sma_cross_fast:HOLD,rsi_reversion:HOLD,ema_trend:HOLD"
1757084521,FDUSDUSDT,15m,HOLD,,,,0.0,"sma_cross_fast:HOLD,rsi_reversion:HOLD,ema_trend:HOLD"
1757084521,DOGEUSDT,1m,HOLD,,,,0.0,"sma_cross_fast:HOLD,rsi_reversion:HOLD,ema_trend:HOLD"
1757084521,DOGEUSDT,5m,HOLD,,,,0.0,"sma_cross_fast:HOLD,rsi_reversion:HOLD,ema_trend:HOLD"
1757084521,DOGEUSDT,15m,HOLD,,,,0.0,"sma_cross_fast:HOLD,rsi_reversion:HOLD,ema_trend:HOLD"
1757084521,PYTHUSDT,1m,HOLD,,,,0.0,"sma_cross_fast:HOLD,rsi_reversion:HOLD,ema_trend:HOLD"
1757084521,PYTHUSDT,5m,HOLD,,,,0.0,"sma_cross_fast:HOLD,rsi_reversion:HOLD,ema_trend:HOLD"
1757084521,PYTHUSDT,15m,HOLD,,,,0.0,"sma_cross_fast:HOLD,rsi_reversion:HOLD,ema_trend:HOLD"
1757084521,SUIUSDT,1m,HOLD,,,,0.0,"sma_cross_fast:HOLD,rsi_reversion:HOLD,ema_trend:HOLD"
1757084521,SUIUSDT,5m,HOLD,,,,0.0,"sma_cross_fast:HOLD,rsi_reversion:HOLD,ema_trend:HOLD"
1757084521,SUIUSDT,15m,HOLD,,,,0.0,"sma_cross_fast:HOLD,rsi_reversion:HOLD,ema_trend:HOLD"
1757084521,ENAUSDT,1m,HOLD,,,,0.0,"sma_cross_fast:HOLD,rsi_reversion:HOLD,ema_trend:HOLD"
1757084521,ENAUSDT,5m,HOLD,,,,0.0,"sma_cross_fast:HOLD,rsi_reversion:HOLD,ema_trend:HOLD"
1757084521,ENAUSDT,15m,HOLD,,,,0.0,"sma_cross_fast:HOLD,rsi_reversion:HOLD,ema_trend:HOLD"
1757084521,BONKUSDT,1m,HOLD,,,,0.0,"sma_cross_fast:HOLD,rsi_reversion:HOLD,ema_trend:HOLD"
1757084521,BONKUSDT,5m,HOLD,,,,0.0,"sma_cross_fast:HOLD,rsi_reversion:HOLD,ema_trend:HOLD"
1757084521,BONKUSDT,15m,HOLD,,,,0.0,"sma_cross_fast:HOLD,rsi_reversion:HOLD,ema_trend:HOLD"
1757084521,TRXUSDT,1m,HOLD,,,,0.0,"sma_cross_fast:HOLD,rsi_reversion:HOLD,ema_trend:HOLD"
1757084521,TRXUSDT,5m,HOLD,,,,0.0,"sma_cross_fast:HOLD,rsi_reversion:HOLD,ema_trend:HOLD"
1757084521,TRXUSDT,15m,HOLD,,,,0.0,"sma_cross_fast:HOLD,rsi_reversion:HOLD,ema_trend:HOLD"
1757084521,ADAUSDT,1m,HOLD,,,,0.0,"sma_cross_fast:HOLD,rsi_reversion:HOLD,ema_trend:HOLD"
1757084521,ADAUSDT,5m,HOLD,,,,0.0,"sma_cross_fast:HOLD,rsi_reversion:HOLD,ema_trend:HOLD"
1757084521,ADAUSDT,15m,HOLD,,,,0.0,"sma_cross_fast:HOLD,rsi_reversion:HOLD,ema_trend:HOLD"
1757084521,LINKUSDT,1m,HOLD,,,,0.0,"sma_cross_fast:HOLD,rsi_reversion:HOLD,ema_trend:HOLD"
1757084521,LINKUSDT,5m,HOLD,,,,0.0,"sma_cross_fast:HOLD,rsi_reversion:HOLD,ema_trend:HOLD"
1757084521,LINKUSDT,15m,HOLD,,,,0.0,"sma_cross_fast:HOLD,rsi_reversion:HOLD,ema_trend:HOLD"
1757084521,PEPEUSDT,1m,HOLD,,,,0.0,"sma_cross_fast:HOLD,rsi_reversion:HOLD,ema_trend:HOLD"
1757084521,PEPEUSDT,5m,HOLD,,,,0.0,"sma_cross_fast:HOLD,rsi_reversion:HOLD,ema_trend:HOLD"
1757084521,PEPEUSDT,15m,HOLD,,,,0.0,"sma_cross_fast:HOLD,rsi_reversion:HOLD,ema_trend:HOLD"
1757084521,PLUMEUSDT,1m,HOLD,,,,0.0,"sma_cross_fast:HOLD,rsi_reversion:HOLD,ema_trend:HOLD"
1757084521,PLUMEUSDT,5m,HOLD,,,,0.0,"sma_cross_fast:HOLD,rsi_reversion:HOLD,ema_trend:HOLD"
1757084521,PLUMEUSDT,15m,HOLD,,,,0.0,"sma_cross_fast:HOLD,rsi_reversion:HOLD,ema_trend:HOLD"
1757084521,CFXUSDT,1m,HOLD,,,,0.0,"sma_cross_fast:HOLD,rsi_reversion:HOLD,ema_trend:HOLD"
1757084521,CFXUSDT,5m,HOLD,,,,0.0,"sma_cross_fast:HOLD,rsi_reversion:HOLD,ema_trend:HOLD"
1757084521,CFXUSDT,15m,HOLD,,,,0.0,"sma_cross_fast:HOLD,rsi_reversion:HOLD,ema_trend:HOLD"
1757084521,ARBUSDT,1m,HOLD,,,,0.0,"sma_cross_fast:HOLD,rsi_reversion:HOLD,ema_trend:HOLD"
1757084521,ARBUSDT,5m,HOLD,,,,0.0,"sma_cross_fast:HOLD,rsi_reversion:HOLD,ema_trend:HOLD"
1757084521,ARBUSDT,15m,HOLD,,,,0.0,"sma_cross_fast:HOLD,rsi_reversion:HOLD,ema_trend:HOLD"
1757084521,PENGUUSDT,1m,HOLD,,,,0.0,"sma_cross_fast:HOLD,rsi_reversion:HOLD,ema_trend:HOLD"
1757084521,PENGUUSDT,5m,HOLD,,,,0.0,"sma_cross_fast:HOLD,rsi_reversion:HOLD,ema_trend:HOLD"
1757084521,PENGUUSDT,15m,HOLD,,,,0.0,"sma_cross_fast:HOLD,rsi_reversion:HOLD,ema_trend:HOLD"
1757084526,BTCUSDT,1m,HOLD,,,,0.0,"sma_cross_fast:HOLD,rsi_reversion:HOLD,ema_trend:HOLD"
1757084526,BTCUSDT,5m,HOLD,,,,0.0,"sma_cross_fast:HOLD,rsi_reversion:HOLD,ema_trend:HOLD"
1757084526,BTCUSDT,15m,HOLD,,,,0.0,"sma_cross_fast:HOLD,rsi_reversion:HOLD,ema_trend:HOLD"
1757084526,ETHUSDT,1m,HOLD,,,,0.0,"sma_cross_fast:HOLD,rsi_reversion:HOLD,ema_trend:HOLD"
1757084526,ETHUSDT,5m,HOLD,,,,0.0,"sma_cross_fast:HOLD,rsi_reversion:HOLD,ema_trend:HOLD"
1757084526,ETHUSDT,15m,HOLD,,,,0.0,"sma_cross_fast:HOLD,rsi_reversion:HOLD,ema_trend:HOLD"
1757084526,BNBUSDT,1m,HOLD,,,,0.0,"sma_cross_fast:HOLD,rsi_reversion:HOLD,ema_trend:HOLD"
1757084526,BNBUSDT,5m,HOLD,,,,0.0,"sma_cross_fast:HOLD,rsi_reversion:HOLD,ema_trend:HOLD"
1757084526,BNBUSDT,15m,HOLD,,,,0.0,"sma_cross_fast:HOLD,rsi_reversion:HOLD,ema_trend:HOLD"
1757084526,SOLUSDT,1m,HOLD,,,,0.0,"sma_cross_fast:HOLD,rsi_reversion:HOLD,ema_trend:HOLD"
1757084526,SOLUSDT,5m,HOLD,,,,0.0,"sma_cross_fast:HOLD,rsi_reversion:HOLD,ema_trend:HOLD"
1757084526,SOLUSDT,15m,HOLD,,,,0.0,"sma_cross_fast:HOLD,rsi_reversion:HOLD,ema_trend:HOLD"
1757084526,XRPUSDT,1m,HOLD,,,,0.0,"sma_cross_fast:HOLD,rsi_reversion:HOLD,ema_trend:HOLD"
1757084526,XRPUSDT,5m,HOLD,,,,0.0,"sma_cross_fast:HOLD,rsi_reversion:HOLD,ema_trend:HOLD"
1757084526,XRPUSDT,15m,HOLD,,,,0.0,"sma_cross_fast:HOLD,rsi_reversion:HOLD,ema_trend:HOLD"
1757084526,USDCUSDT,1m,HOLD,,,,0.0,"sma_cross_fast:HOLD,rsi_reversion:HOLD,ema_trend:HOLD"
1757084526,USDCUSDT,5m,HOLD,,,,0.0,"sma_cross_fast:HOLD,rsi_reversion:HOLD,ema_trend:HOLD"
1757084526,USDCUSDT,15m,HOLD,,,,0.0,"sma_cross_fast:HOLD,rsi_reversion:HOLD,ema_trend:HOLD"
1757084526,FDUSDUSDT,1m,HOLD,,,,0.0,"sma_cross_fast:HOLD,rsi_reversion:HOLD,ema_trend:HOLD"
1757084526,FDUSDUSDT,5m,HOLD,,,,0.0,"sma_cross_fast:HOLD,rsi_reversion:HOLD,ema_trend:HOLD"
1757084526,FDUSDUSDT,15m,HOLD,,,,0.0,"sma_cross_fast:HOLD,rsi_reversion:HOLD,ema_trend:HOLD"
1757084526,DOGEUSDT,1m,HOLD,,,,0.0,"sma_cross_fast:HOLD,rsi_reversion:HOLD,ema_trend:HOLD"
1757084526,DOGEUSDT,5m,HOLD,,,,0.0,"sma_cross_fast:HOLD,rsi_reversion:HOLD,ema_trend:HOLD"
1757084526,DOGEUSDT,15m,HOLD,,,,0.0,"sma_cross_fast:HOLD,rsi_reversion:HOLD,ema_trend:HOLD"
1757084526,PYTHUSDT,1m,HOLD,,,,0.0,"sma_cross_fast:HOLD,rsi_reversion:HOLD,ema_trend:HOLD"
1757084526,PYTHUSDT,5m,HOLD,,,,0.0,"sma_cross_fast:HOLD,rsi_reversion:HOLD,ema_trend:HOLD"
1757084526,PYTHUSDT,15m,HOLD,,,,0.0,"sma_cross_fast:HOLD,rsi_reversion:HOLD,ema_trend:HOLD"
1757084526,SUIUSDT,1m,HOLD,,,,0.0,"sma_cross_fast:HOLD,rsi_reversion:HOLD,ema_trend:HOLD"
1757084526,SUIUSDT,5m,HOLD,,,,0.0,"sma_cross_fast:HOLD,rsi_reversion:HOLD,ema_trend:HOLD"
1757084526,SUIUSDT,15m,HOLD,,,,0.0,"sma_cross_fast:HOLD,rsi_reversion:HOLD,ema_trend:HOLD"
1757084526,ENAUSDT,1m,HOLD,,,,0.0,"sma_cross_fast:HOLD,rsi_reversion:HOLD,ema_trend:HOLD"
1757084526,ENAUSDT,5m,HOLD,,,,0.0,"sma_cross_fast:HOLD,rsi_reversion:HOLD,ema_trend:HOLD"
1757084526,ENAUSDT,15m,HOLD,,,,0.0,"sma_cross_fast:HOLD,rsi_reversion:HOLD,ema_trend:HOLD"
1757084526,BONKUSDT,1m,HOLD,,,,0.0,"sma_cross_fast:HOLD,rsi_reversion:HOLD,ema_trend:HOLD"
1757084526,BONKUSDT,5m,HOLD,,,,0.0,"sma_cross_fast:HOLD,rsi_reversion:HOLD,ema_trend:HOLD"
1757084526,BONKUSDT,15m,HOLD,,,,0.0,"sma_cross_fast:HOLD,rsi_reversion:HOLD,ema_trend:HOLD"
1757084526,TRXUSDT,1m,HOLD,,,,0.0,"sma_cross_fast:HOLD,rsi_reversion:HOLD,ema_trend:HOLD"
1757084526,TRXUSDT,5m,HOLD,,,,0.0,"sma_cross_fast:HOLD,rsi_reversion:HOLD,ema_trend:HOLD"
1757084526,TRXUSDT,15m,HOLD,,,,0.0,"sma_cross_fast:HOLD,rsi_reversion:HOLD,ema_trend:HOLD"
1757084526,ADAUSDT,1m,HOLD,,,,0.0,"sma_cross_fast:HOLD,rsi_reversion:HOLD,ema_trend:HOLD"
1757084526,ADAUSDT,5m,HOLD,,,,0.0,"sma_cross_fast:HOLD,rsi_reversion:HOLD,ema_trend:HOLD"
1757084526,ADAUSDT,15m,HOLD,,,,0.0,"sma_cross_fast:HOLD,rsi_reversion:HOLD,ema_trend:HOLD"
1757084526,LINKUSDT,1m,HOLD,,,,0.0,"sma_cross_fast:HOLD,rsi_reversion:HOLD,ema_trend:HOLD"
1757084526,LINKUSDT,5m,HOLD,,,,0.0,"sma_cross_fast:HOLD,rsi_reversion:HOLD,ema_trend:HOLD"
1757084526,LINKUSDT,15m,HOLD,,,,0.0,"sma_cross_fast:HOLD,rsi_reversion:HOLD,ema_trend:HOLD"
1757084526,PEPEUSDT,1m,HOLD,,,,0.0,"sma_cross_fast:HOLD,rsi_reversion:HOLD,ema_trend:HOLD"
1757084526,PEPEUSDT,5m,HOLD,,,,0.0,"sma_cross_fast:HOLD,rsi_reversion:HOLD,ema_trend:HOLD"
1757084526,PEPEUSDT,15m,HOLD,,,,0.0,"sma_cross_fast:HOLD,rsi_reversion:HOLD,ema_trend:HOLD"
1757084526,PLUMEUSDT,1m,HOLD,,,,0.0,"sma_cross_fast:HOLD,rsi_reversion:HOLD,ema_trend:HOLD"
1757084526,PLUMEUSDT,5m,HOLD,,,,0.0,"sma_cross_fast:HOLD,rsi_reversion:HOLD,ema_trend:HOLD"
1757084526,PLUMEUSDT,15m,HOLD,,,,0.0,"sma_cross_fast:HOLD,rsi_reversion:HOLD,ema_trend:HOLD"
1757084526,CFXUSDT,1m,HOLD,,,,0.0,"sma_cross_fast:HOLD,rsi_reversion:HOLD,ema_trend:HOLD"
1757084526,CFXUSDT,5m,HOLD,,,,0.0,"sma_cross_fast:HOLD,rsi_reversion:HOLD,ema_trend:HOLD"
1757084526,CFXUSDT,15m,HOLD,,,,0.0,"sma_cross_fast:HOLD,rsi_reversion:HOLD,ema_trend:HOLD"
1757084526,ARBUSDT,1m,HOLD,,,,0.0,"sma_cross_fast:HOLD,rsi_reversion:HOLD,ema_trend:HOLD"
1757084526,ARBUSDT,5m,HOLD,,,,0.0,"sma_cross_fast:HOLD,rsi_reversion:HOLD,ema_trend:HOLD"
1757084526,ARBUSDT,15m,HOLD,,,,0.0,"sma_cross_fast:HOLD,rsi_reversion:HOLD,ema_trend:HOLD"
1757084526,PENGUUSDT,1m,HOLD,,,,0.0,"sma_cross_fast:HOLD,rsi_reversion:HOLD,ema_trend:HOLD"
1757084526,PENGUUSDT,5m,HOLD,,,,0.0,"sma_cross_fast:HOLD,rsi_reversion:HOLD,ema_trend:HOLD"
1757084526,PENGUUSDT,15m,HOLD,,,,0.0,"sma_cross_fast:HOLD,rsi_reversion:HOLD,ema_trend:HOLD"
